{
	"credit": "Made with Blockbench",
	"textures": {
		"0": "block/spruce_log",
		"3": "block/polished_blackstone",
		"4": "block/iron_block",
		"particle": "block/spruce_log"
	},
	"elements": [
		{
			"from": [6, 0, 6],
			"to": [10, 12, 10],
			"faces": {
				"north": {"uv": [6, 4, 10, 16], "texture": "#0"},
				"east": {"uv": [6, 4, 10, 16], "texture": "#0"},
				"south": {"uv": [6, 4, 10, 16], "texture": "#0"},
				"west": {"uv": [6, 4, 10, 16], "texture": "#0"},
				"up": {"uv": [6, 6, 10, 10], "texture": "#0"},
				"down": {"uv": [6, 6, 10, 10], "texture": "#0"}
			}
		},
		{
			"from": [5, 13, 5],
			"to": [11, 16, 11],
			"faces": {
				"north": {"uv": [5, 1, 11, 4], "texture": "#3"},
				"east": {"uv": [5, 1, 11, 4], "texture": "#3"},
				"south": {"uv": [5, 1, 11, 4], "texture": "#3"},
				"west": {"uv": [5, 1, 11, 4], "texture": "#3"},
				"up": {"uv": [5, 5, 11, 11], "texture": "#3"},
				"down": {"uv": [5, 5, 11, 11], "texture": "#3"}
			}
		},
		{
			"from": [4.5, 12, 4.5],
			"to": [11.5, 15, 11.5],
			"faces": {
				"north": {"uv": [4, 2, 11, 5], "texture": "#4"},
				"east": {"uv": [4, 2, 11, 5], "texture": "#4"},
				"south": {"uv": [4, 2, 11, 5], "texture": "#4"},
				"west": {"uv": [4, 2, 11, 5], "texture": "#4"},
				"up": {"uv": [4, 4, 11, 11], "texture": "#4"},
				"down": {"uv": [4, 4, 11, 11], "texture": "#4"}
			}
		}
	],
	"display": {
		"thirdperson_righthand": {
			"translation": [0, 3, 1],
			"scale": [0.55, 0.55, 0.55]
		},
		"thirdperson_lefthand": {
			"translation": [0, 3, 1],
			"scale": [0.55, 0.55, 0.55]
		},
		"firstperson_righthand": {
			"rotation": [0, 105, 0],
			"translation": [2.25, 1.5, 0],
			"scale": [0.4, 0.4, 0.4]
		},
		"firstperson_lefthand": {
			"rotation": [0, 105, 0],
			"translation": [2.25, 1.5, 0],
			"scale": [0.4, 0.4, 0.4]
		},
		"ground": {
			"translation": [0, 3, 0],
			"scale": [0.25, 0.25, 0.25]
		},
		"gui": {
			"rotation": [30, 225, 0],
			"scale": [0.625, 0.625, 0.625]
		},
		"head": {
			"translation": [0, -8, 0],
			"scale": [1.6, 1.6, 1.6]
		},
		"fixed": {
			"scale": [0.5, 0.5, 0.5]
		}
	}
}