{
	"credit": "Made by FlatTire with Blockbench",
	"texture_size": [32, 32],
	"textures": {
		"0": "block/gravestone",
		"particle": "block/gravestone"
	},
	"elements": [
		{
			"from": [-1, 0, 6.5],
			"to": [1, 15, 9.5],
			"faces": {
				"north": {"uv": [15, 8.5, 16, 16], "texture": "#0"},
				"east": {"uv": [2.5, 0, 4, 7.5], "texture": "#0"},
				"south": {"uv": [7, 8.5, 8, 16], "texture": "#0"},
				"west": {"uv": [4.5, 1.5, 6, 9], "texture": "#0"},
				"up": {"uv": [1, 2.5, 2, 4], "texture": "#0"},
				"down": {"uv": [1, 5, 2, 6.5], "texture": "#0"}
			}
		},
		{
			"from": [0, 14, 6.5],
			"to": [2, 17, 9.5],
			"faces": {
				"north": {"uv": [14.5, 7.5, 15.5, 9], "texture": "#0"},
				"east": {"uv": [5, 7, 6.5, 8.5], "texture": "#0"},
				"south": {"uv": [7.5, 7.5, 8.5, 9], "texture": "#0"},
				"west": {"uv": [2.5, 1.5, 4, 3], "texture": "#0"},
				"up": {"uv": [3.5, 4, 4.5, 5.5], "texture": "#0"},
				"down": {"uv": [5, 1.5, 6, 3], "texture": "#0"}
			}
		},
		{
			"from": [1, 16, 6.5],
			"to": [3, 18, 9.5],
			"faces": {
				"north": {"uv": [14, 7, 15, 8], "texture": "#0"},
				"east": {"uv": [13, 6.5, 14.5, 7.5], "texture": "#0"},
				"south": {"uv": [8, 7, 9, 8], "texture": "#0"},
				"west": {"uv": [8.5, 6.5, 10, 7.5], "texture": "#0"},
				"up": {"uv": [7.5, 7.5, 8.5, 9], "texture": "#0"},
				"down": {"uv": [14.5, 7.5, 15.5, 9], "texture": "#0"}
			}
		},
		{
			"from": [2, 17, 6.5],
			"to": [5, 19, 9.5],
			"faces": {
				"north": {"uv": [13, 6.5, 14.5, 7.5], "texture": "#0"},
				"east": {"uv": [13, 6.5, 14.5, 7.5], "texture": "#0"},
				"south": {"uv": [8.5, 6.5, 10, 7.5], "texture": "#0"},
				"west": {"uv": [8.5, 6.5, 10, 7.5], "texture": "#0"},
				"up": {"uv": [1.5, 5, 3, 6.5], "texture": "#0"},
				"down": {"uv": [4.5, 3.5, 6, 5], "texture": "#0"}
			}
		},
		{
			"from": [4, 18, 6.5],
			"to": [12, 20, 9.5],
			"faces": {
				"north": {"uv": [9.5, 6, 13.5, 7], "texture": "#0"},
				"east": {"uv": [8.5, 6.5, 10, 7.5], "texture": "#0"},
				"south": {"uv": [9.5, 6, 13.5, 7], "texture": "#0"},
				"west": {"uv": [13, 6.5, 14.5, 7.5], "texture": "#0"},
				"up": {"uv": [1.5, 1, 5.5, 2.5], "texture": "#0"},
				"down": {"uv": [1.5, 1, 5.5, 2.5], "texture": "#0"}
			}
		},
		{
			"from": [11, 17, 6.5],
			"to": [14, 19, 9.5],
			"rotation": {"angle": 0, "axis": "y", "origin": [16, 0, 0]},
			"faces": {
				"north": {"uv": [8.5, 6.5, 10, 7.5], "texture": "#0"},
				"east": {"uv": [8.5, 6.5, 10, 7.5], "texture": "#0"},
				"south": {"uv": [13, 6.5, 14.5, 7.5], "texture": "#0"},
				"west": {"uv": [13, 6.5, 14.5, 7.5], "texture": "#0"},
				"up": {"uv": [2.5, 4, 4, 5.5], "texture": "#0"},
				"down": {"uv": [2.5, 4, 4, 5.5], "texture": "#0"}
			}
		},
		{
			"from": [15, 0, 6.5],
			"to": [17, 15, 9.5],
			"rotation": {"angle": 0, "axis": "y", "origin": [16, 0, 0]},
			"faces": {
				"north": {"uv": [7, 8.5, 8, 16], "texture": "#0"},
				"east": {"uv": [3, 1.5, 4.5, 9], "texture": "#0"},
				"south": {"uv": [15, 8.5, 16, 16], "texture": "#0"},
				"west": {"uv": [3, 1.5, 4.5, 9], "texture": "#0"},
				"up": {"uv": [7, 14.5, 8, 16], "texture": "#0"},
				"down": {"uv": [7, 14.5, 8, 16], "texture": "#0"}
			}
		},
		{
			"from": [14, 14, 6.5],
			"to": [16, 17, 9.5],
			"rotation": {"angle": 0, "axis": "y", "origin": [16, 0, 0]},
			"faces": {
				"north": {"uv": [7.5, 7.5, 8.5, 9], "texture": "#0"},
				"east": {"uv": [0.5, 1, 2, 2.5], "texture": "#0"},
				"south": {"uv": [14.5, 7.5, 15.5, 9], "texture": "#0"},
				"west": {"uv": [0.5, 1, 2, 2.5], "texture": "#0"},
				"up": {"uv": [7.5, 7.5, 8.5, 9], "texture": "#0"},
				"down": {"uv": [7.5, 7.5, 8.5, 9], "texture": "#0"}
			}
		},
		{
			"from": [13, 16, 6.5],
			"to": [15, 18, 9.5],
			"rotation": {"angle": 0, "axis": "y", "origin": [16, 0, 0]},
			"faces": {
				"north": {"uv": [8, 7, 9, 8], "texture": "#0"},
				"east": {"uv": [8.5, 6.5, 10, 7.5], "texture": "#0"},
				"south": {"uv": [14, 7, 15, 8], "texture": "#0"},
				"west": {"uv": [13, 6.5, 14.5, 7.5], "texture": "#0"},
				"up": {"uv": [14.5, 7.5, 15.5, 9], "texture": "#0"},
				"down": {"uv": [7.5, 7.5, 8.5, 9], "texture": "#0"}
			}
		},
		{
			"from": [1, 0, 7.25],
			"to": [15, 18, 8.75],
			"rotation": {"angle": 0, "axis": "y", "origin": [8, 9, 8]},
			"faces": {
				"north": {"uv": [0, 0, 7, 9], "texture": "#0"},
				"east": {"uv": [15.5, 0, 16, 0.5], "texture": "#0"},
				"south": {"uv": [0, 0, 7, 9], "texture": "#0"},
				"west": {"uv": [15.5, 0, 16, 0.5], "texture": "#0"},
				"up": {"uv": [15.5, 0, 16, 0.5], "texture": "#0"},
				"down": {"uv": [0, 8, 7, 9], "texture": "#0"}
			}
		}
	],
	"display": {
		"thirdperson_righthand": {
			"translation": [0, 1.75, 1],
			"scale": [0.325, 0.325, 0.325]
		},
		"thirdperson_lefthand": {
			"translation": [0, 1.75, 1],
			"scale": [0.325, 0.325, 0.325]
		},
		"firstperson_righthand": {
			"rotation": [0, -90, 25],
			"translation": [1.13, 3.2, 1.13],
			"scale": [0.4, 0.4, 0.4]
		},
		"firstperson_lefthand": {
			"rotation": [0, -90, 25],
			"translation": [1.13, 3.2, 1.13],
			"scale": [0.4, 0.4, 0.4]
		},
		"ground": {
			"translation": [0, 3, 0],
			"scale": [0.25, 0.25, 0.25]
		},
		"gui": {
			"rotation": [30, 225, 0],
			"translation": [0, -0.5, 0],
			"scale": [0.625, 0.625, 0.625]
		},
		"head": {
			"rotation": [0, 180, 0],
			"translation": [0, 13, 0]
		},
		"fixed": {
			"scale": [0.5, 0.5, 0.5]
		}
	}
}