{
	"credit": "From the Mini Tardis mod by enjarai",
	"texture_size": [128, 128],
	"textures": {
		"0": "tiretown:block/mini_tardis",
		"particle": "tiretown:block/mini_tardis"
	},
	"elements": [
		{
			"from": [-3, -16, -3],
			"to": [19, -14, 19],
			"faces": {
				"north": {"uv": [5.5, 2.75, 8.25, 3], "texture": "#0"},
				"east": {"uv": [5.5, 2.75, 8.25, 3], "texture": "#0"},
				"south": {"uv": [5.5, 2.75, 8.25, 3], "texture": "#0"},
				"west": {"uv": [5.5, 2.75, 8.25, 3], "texture": "#0"},
				"up": {"uv": [8.25, 2.75, 5.5, 0], "texture": "#0"},
				"down": {"uv": [11, 0, 8.25, 2.75], "texture": "#0"}
			}
		},
		{
			"from": [-3, -16, -3],
			"to": [19, -14, -1],
			"faces": {
				"north": {"uv": [5.5, 2.75, 8.25, 3], "texture": "#0"},
				"east": {"uv": [8, 2.75, 8.25, 3], "texture": "#0"},
				"south": {"uv": [5.5, 2.75, 8.25, 3], "texture": "#0"},
				"west": {"uv": [5.5, 2.75, 5.75, 3], "texture": "#0"},
				"up": {"uv": [8.25, 2.75, 5.5, 2.5], "texture": "#0"},
				"down": {"uv": [11, 2.5, 8.25, 2.75], "texture": "#0"}
			}
		},
		{
			"from": [-1.95, -14, -1.95],
			"to": [0.05, 15, 0.05],
			"faces": {
				"north": {"uv": [4.75, 0, 5, 3.625], "texture": "#0"},
				"east": {"uv": [4.5, 0, 4.75, 3.625], "texture": "#0"},
				"south": {"uv": [5.25, 0, 5.5, 3.625], "texture": "#0"},
				"west": {"uv": [5, 0, 5.25, 3.625], "texture": "#0"}
			}
		},
		{
			"from": [-1.95, -14, 15.95],
			"to": [0.05, 15, 17.95],
			"faces": {
				"north": {"uv": [4.75, 0, 5, 3.625], "texture": "#0"},
				"east": {"uv": [4.5, 0, 4.75, 3.625], "texture": "#0"},
				"south": {"uv": [5.25, 0, 5.5, 3.625], "texture": "#0"},
				"west": {"uv": [5, 0, 5.25, 3.625], "texture": "#0"}
			}
		},
		{
			"from": [15.95, -14, -1.95],
			"to": [17.95, 15, 0.05],
			"faces": {
				"north": {"uv": [4.75, 0, 5, 3.625], "texture": "#0"},
				"east": {"uv": [4.5, 0, 4.75, 3.625], "texture": "#0"},
				"south": {"uv": [5.25, 0, 5.5, 3.625], "texture": "#0"},
				"west": {"uv": [5, 0, 5.25, 3.625], "texture": "#0"}
			}
		},
		{
			"from": [15.95, -14, 15.95],
			"to": [17.95, 15, 17.95],
			"faces": {
				"north": {"uv": [4.75, 0, 5, 3.625], "texture": "#0"},
				"east": {"uv": [4.5, 0, 4.75, 3.625], "texture": "#0"},
				"south": {"uv": [5.25, 0, 5.5, 3.625], "texture": "#0"},
				"west": {"uv": [5, 0, 5.25, 3.625], "texture": "#0"}
			}
		},
		{
			"from": [-1, -16, -1],
			"to": [17, 16, 17],
			"faces": {
				"north": {"uv": [0, 0, 2.25, 4], "texture": "#0"},
				"east": {"uv": [2.25, 0, 4.5, 4], "texture": "#0"},
				"south": {"uv": [2.25, 0, 4.5, 4], "texture": "#0"},
				"west": {"uv": [2.25, 0, 4.5, 4], "texture": "#0"}
			}
		},
		{
			"from": [-2, 15, -2],
			"to": [18, 21, 18],
			"faces": {
				"north": {"uv": [13.25, 2.5, 15.75, 3.25], "texture": "#0"},
				"east": {"uv": [13.25, 2.5, 15.75, 3.25], "texture": "#0"},
				"south": {"uv": [13.25, 2.5, 15.75, 3.25], "texture": "#0"},
				"west": {"uv": [13.25, 2.5, 15.75, 3.25], "texture": "#0"},
				"up": {"uv": [15.75, 2.5, 13.25, 0], "texture": "#0"},
				"down": {"uv": [15.75, 0, 13.25, 2.5], "texture": "#0"}
			}
		},
		{
			"from": [-2, 15, -2],
			"to": [18, 21, -1],
			"faces": {
				"north": {"uv": [13.25, 2.5, 15.75, 3.25], "texture": "#0"},
				"east": {"uv": [13.25, 2.5, 13.375, 3.25], "texture": "#0"},
				"south": {"uv": [13.25, 2.5, 15.75, 3.25], "texture": "#0"},
				"west": {"uv": [15.625, 2.5, 15.75, 3.25], "texture": "#0"},
				"up": {"uv": [15.75, 2.5, 13.25, 2.375], "texture": "#0"},
				"down": {"uv": [15.75, 2.375, 13.25, 2.5], "texture": "#0"}
			}
		},
		{
			"from": [-0.9, 21, -0.9],
			"to": [16.9, 23, 16.9],
			"faces": {
				"north": {"uv": [11, 2.25, 13.25, 2.5], "texture": "#0"},
				"east": {"uv": [11, 2.25, 13.25, 2.5], "texture": "#0"},
				"south": {"uv": [11, 2.25, 13.25, 2.5], "texture": "#0"},
				"west": {"uv": [11, 2.25, 13.25, 2.5], "texture": "#0"},
				"up": {"uv": [13.25, 2.25, 11, 0], "texture": "#0"}
			}
		},
		{
			"from": [-0.9, 16.05, 18],
			"to": [16.9, 20.05, 19],
			"rotation": {"angle": 0, "axis": "y", "origin": [8, 0, 8]},
			"faces": {
				"east": {"uv": [15.5, 3.375, 15.625, 3.875], "texture": "#0"},
				"south": {"uv": [13.25, 3.375, 15.5, 3.875], "texture": "#0"},
				"west": {"uv": [15.5, 3.375, 15.625, 3.875], "texture": "#0"},
				"up": {"uv": [15.5, 3.375, 13.25, 3.25], "texture": "#0"},
				"down": {"uv": [15.5, 3.875, 13.25, 4], "texture": "#0"}
			}
		},
		{
			"from": [18, 16.05, -0.9],
			"to": [19, 20.05, 16.9],
			"rotation": {"angle": 0, "axis": "y", "origin": [8, 0, 8]},
			"faces": {
				"north": {"uv": [15.5, 3.375, 15.625, 3.875], "texture": "#0"},
				"east": {"uv": [13.25, 3.375, 15.5, 3.875], "texture": "#0"},
				"south": {"uv": [15.5, 3.375, 15.625, 3.875], "texture": "#0"},
				"up": {"uv": [15.5, 3.375, 13.25, 3.25], "rotation": 270, "texture": "#0"},
				"down": {"uv": [15.5, 3.875, 13.25, 4], "rotation": 90, "texture": "#0"}
			}
		},
		{
			"from": [-0.9, 16.05, -3],
			"to": [16.9, 20.05, -2],
			"rotation": {"angle": 0, "axis": "y", "origin": [8, 0, 8]},
			"faces": {
				"north": {"uv": [13.25, 3.375, 15.5, 3.875], "texture": "#0"},
				"east": {"uv": [15.5, 3.375, 15.625, 3.875], "texture": "#0"},
				"west": {"uv": [15.5, 3.375, 15.625, 3.875], "texture": "#0"},
				"up": {"uv": [15.5, 3.375, 13.25, 3.25], "rotation": 180, "texture": "#0"},
				"down": {"uv": [15.5, 3.875, 13.25, 4], "rotation": 180, "texture": "#0"}
			}
		},
		{
			"from": [-3, 16.05, -0.9],
			"to": [-2, 20.05, 16.9],
			"rotation": {"angle": 0, "axis": "y", "origin": [8, 0, 8]},
			"faces": {
				"north": {"uv": [15.5, 3.375, 15.625, 3.875], "texture": "#0"},
				"south": {"uv": [15.5, 3.375, 15.625, 3.875], "texture": "#0"},
				"west": {"uv": [13.25, 3.375, 15.5, 3.875], "texture": "#0"},
				"up": {"uv": [15.5, 3.375, 13.25, 3.25], "rotation": 90, "texture": "#0"},
				"down": {"uv": [15.5, 3.875, 13.25, 4], "rotation": 270, "texture": "#0"}
			}
		},
		{
			"from": [6, 23, 6],
			"to": [10, 27, 10],
			"faces": {
				"north": {"uv": [0, 4, 0.5, 4.5], "texture": "#0"},
				"east": {"uv": [0, 4, 0.5, 4.5], "texture": "#0"},
				"south": {"uv": [0, 4, 0.5, 4.5], "texture": "#0"},
				"west": {"uv": [0, 4, 0.5, 4.5], "texture": "#0"},
				"up": {"uv": [1, 4.5, 0.5, 4], "texture": "#0"}
			}
		}
	],
	"display": {
		"thirdperson_righthand": {
			"rotation": [50, 45, 0],
			"translation": [0, 2.5, 0],
			"scale": [0.25, 0.25, 0.25]
		},
		"thirdperson_lefthand": {
			"rotation": [50, 45, 0],
			"translation": [0, 2.5, 0],
			"scale": [0.25, 0.25, 0.25]
		},
		"firstperson_righthand": {
			"rotation": [0, 45, 0],
			"translation": [0, 1, 0],
			"scale": [0.3, 0.3, 0.3]
		},
		"firstperson_lefthand": {
			"rotation": [0, 45, 0],
			"translation": [0, 1, 0],
			"scale": [0.3, 0.3, 0.3]
		},
		"ground": {
			"translation": [0, 3, 0],
			"scale": [0.25, 0.25, 0.25]
		},
		"gui": {
			"rotation": [30, 225, 0],
			"translation": [0, 1.25, 0],
			"scale": [0.3, 0.3, 0.3]
		},
		"head": {
			"translation": [0, 24.25, 0],
			"scale": [0.75, 0.75, 0.75]
		},
		"fixed": {
			"scale": [0.5, 0.5, 0.5]
		}
	},
	"groups": [
		{
			"name": "group",
			"origin": [0, 0, 0],
			"color": 0,
			"nbt": "{}",
			"children": [0, 1, 2, 3, 4, 5, 6]
		},
		7,
		8,
		9,
		{
			"name": "group",
			"origin": [8, 8, 8],
			"color": 0,
			"nbt": "{}",
			"children": [10, 11, 12, 13]
		},
		14
	]
}