{
    "providers": [
        {
            "type": "space",
            "advances": {
                "\uF801": -1,
                "\uF802": -2,
                "\uF803": -3,
                "\uF804": -4,
                "\uF805": -5,
                "\uF806": -6,
                "\uF807": -7,
                "\uF808": -8,
                "\uF809": -16,
                "\uF80A": -32,
                "\uF80B": -64,
                "\uF80C": -128,
                "\uF80D": -512,
                "\uF80E": -1024,
                "\uF901": 1,
                "\uF902": 2,
                "\uF903": 3,
                "\uF904": 4,
                "\uF905": 5,
                "\uF906": 6,
                "\uF907": 7,
                "\uF908": 8,
                "\uF909": 16,
                "\uF90A": 32,
                "\uF90B": 64,
                "\uF90C": 128,
                "\uF90D": 512,
                "\uF90E": 1024
            }
        },
        {
            "type": "bitmap",
            "file": "vsmp:ui/topmenu.png",
            "height": 256,
            "ascent": 59,
            "chars": [
                "\uE000"
            ]
		},
		{
            "type": "bitmap",
            "file": "vsmp:ui/bottommenu.png",
            "height": 256,
            "ascent": 7,
            "chars": [
                "\uE001"
            ]
		},
		{
            "type": "bitmap",
            "file": "vsmp:ui/toptab.png",
            "height": 256,
            "ascent": 50,
            "chars": [
                "\uE002"
            ]
		},
		{
            "type": "bitmap",
            "file": "vsmp:ui/bottomtab.png",
            "height": 256,
            "ascent": 26,
            "chars": [
                "\uE003"
            ]
		},
		{
            "type": "bitmap",
            "file": "vsmp:font/discordicon.png",
            "height": 7,
            "ascent": 7,
            "chars": [
                "\uE004"
            ]
		},
		{
            "type": "bitmap",
            "file": "vsmp:font/minecrafticon.png",
            "height": 7,
            "ascent": 7,
            "chars": [
                "\uE005"
            ]
		},
		{
            "type": "bitmap",
            "file": "vsmp:font/hourglass.png",
            "height": 7,
            "ascent": 7,
            "chars": [
                "\uE006"
            ]
		},
		{
            "type": "bitmap",
            "file": "vsmp:font/5x5circle.png",
            "height": 7,
            "ascent": 7,
            "chars": [
                "\uE007"
            ]
		},
		{
            "type": "bitmap",
            "file": "vsmp:font/modviewicon.png",
            "height": 7,
            "ascent": 7,
            "chars": [
                "\uE008"
            ]
		},
		{
            "type": "bitmap",
            "file": "vsmp:font/confirm.png",
            "height": 9,
            "ascent": 8,
            "chars": [
                "\uE009"
            ]
		},
		{
            "type": "bitmap",
            "file": "vsmp:font/deny.png",
            "height": 9,
            "ascent": 8,
            "chars": [
                "\uE010"
            ]
		},
		{
            "type": "bitmap",
            "file": "vsmp:font/accept.png",
            "height": 9,
            "ascent": 8,
            "chars": [
                "\uE011"
            ]
		},
		{
            "type": "bitmap",
            "file": "vsmp:font/cancel.png",
            "height": 9,
            "ascent": 8,
            "chars": [
                "\uE012"
            ]
		},
		{
            "type": "bitmap",
            "file": "vsmp:font/ignore.png",
            "height": 9,
            "ascent": 8,
            "chars": [
                "\uE013"
            ]
		},
		{
            "type": "bitmap",
            "file": "vsmp:font/spectate.png",
            "height": 9,
            "ascent": 8,
            "chars": [
                "\uE014"
            ]
		},
		{
            "type": "bitmap",
            "file": "vsmp:gui/invsee.png",
            "ascent": 30,
            "height": 256,
            "chars": [
                "\u1001"
            ]
        },
		{
            "type": "bitmap",
            "file": "vsmp:gui/modmenu.png",
            "ascent": 30,
            "height": 256,
            "chars": [
                "\u1002"
            ]
        },
		{
            "type": "bitmap",
            "file": "vsmp:gui/einvsee.png",
            "ascent": 30,
            "height": 256,
            "chars": [
                "\u1003"
            ]
        },
		{
            "type": "bitmap",
            "file": "vsmp:gui/mail/mailbox.png",
            "ascent": 26,
            "height": 256,
            "chars": [
                "\u1004"
            ]
        },
		{
            "type": "bitmap",
            "file": "vsmp:gui/mail/mailtorecent.png",
            "ascent": 26,
            "height": 256,
            "chars": [
                "\u1005"
            ]
        },
		{
            "type": "bitmap",
            "file": "vsmp:gui/mail/mailtofriends.png",
            "ascent": 26,
            "height": 256,
            "chars": [
                "\u1006"
            ]
        },
		{
            "type": "bitmap",
            "file": "vsmp:gui/mail/mailtostreamers.png",
            "ascent": 26,
            "height": 256,
            "chars": [
                "\u1007"
            ]
        },
		{
            "type": "bitmap",
            "file": "vsmp:gui/mail/mailtoonline.png",
            "ascent": 26,
            "height": 256,
            "chars": [
                "\u1008"
            ]
        },
		{
            "type": "bitmap",
            "file": "vsmp:gui/mail/mailtoall.png",
            "ascent": 26,
            "height": 256,
            "chars": [
                "\u1009"
            ]
        },
		{
            "type": "bitmap",
            "file": "vsmp:gui/mail/mailtorecent1page.png",
            "ascent": 26,
            "height": 256,
            "chars": [
                "\u1105"
            ]
        },
		{
            "type": "bitmap",
            "file": "vsmp:gui/mail/mailtofriends1page.png",
            "ascent": 26,
            "height": 256,
            "chars": [
                "\u1106"
            ]
        },
		{
            "type": "bitmap",
            "file": "vsmp:gui/mail/mailtostreamers1page.png",
            "ascent": 26,
            "height": 256,
            "chars": [
                "\u1107"
            ]
        },
		{
            "type": "bitmap",
            "file": "vsmp:gui/mail/mailtoonline1page.png",
            "ascent": 26,
            "height": 256,
            "chars": [
                "\u1108"
            ]
        },
		{
            "type": "bitmap",
            "file": "vsmp:gui/mail/mailtoall1page.png",
            "ascent": 26,
            "height": 256,
            "chars": [
                "\u1109"
            ]
        },
		{
            "type": "bitmap",
            "file": "vsmp:gui/offlinemodmenu.png",
            "ascent": 30,
            "height": 256,
            "chars": [
                "\u1010"
            ]
        },
		{
            "type": "bitmap",
            "file": "vsmp:gui/friends.png",
            "ascent": 28,
            "height": 256,
            "chars": [
                "\u1011"
            ]
        },
		{
            "type": "bitmap",
            "file": "vsmp:gui/mail/mailitem.png",
            "ascent": 30,
            "height": 256,
            "chars": [
                "\u1012"
            ]
        },
		{
            "type": "bitmap",
            "file": "vsmp:gui/mail/playermail.png",
            "ascent": 28,
            "height": 256,
            "chars": [
                "\u1013"
            ]
        },
		{
            "type": "bitmap",
            "file": "vsmp:gui/mail/playermail1page.png",
            "ascent": 28,
            "height": 256,
            "chars": [
                "\u1113"
            ]
        },
		{
            "type": "bitmap",
            "file": "vsmp:gui/warp/warptorecent.png",
            "ascent": 26,
            "height": 256,
            "chars": [
                "\u1014"
            ]
        },
		{
            "type": "bitmap",
            "file": "vsmp:gui/warp/warptopersonal.png",
            "ascent": 26,
            "height": 256,
            "chars": [
                "\u1015"
            ]
        },
		{
            "type": "bitmap",
            "file": "vsmp:gui/warp/warptofriends.png",
            "ascent": 26,
            "height": 256,
            "chars": [
                "\u1016"
            ]
        },
		{
            "type": "bitmap",
            "file": "vsmp:gui/warp/warptoadmin.png",
            "ascent": 26,
            "height": 256,
            "chars": [
                "\u1017"
            ]
        },
		{
            "type": "bitmap",
            "file": "vsmp:gui/warp/warptoall.png",
            "ascent": 26,
            "height": 256,
            "chars": [
                "\u1018"
            ]
        },
		{
            "type": "bitmap",
            "file": "vsmp:gui/warp/warpsettings.png",
            "ascent": 27,
            "height": 256,
            "chars": [
                "\u1019"
            ]
        },
		{
            "type": "bitmap",
            "file": "vsmp:gui/warp/warpitem.png",
            "ascent": 27,
            "height": 256,
            "chars": [
                "\u1020"
            ]
        },
		{
            "type": "bitmap",
            "file": "vsmp:font/dash.png",
            "ascent": 19,
            "height": 23,
            "chars": [
                "\u1040"
            ]
        },
		{
            "type": "bitmap",
            "file": "vsmp:font/0.png",
            "ascent": 19,
            "height": 23,
            "chars": [
                "\u1050"
            ]
        },
		{
            "type": "bitmap",
            "file": "vsmp:font/1.png",
            "ascent": 19,
            "height": 23,
            "chars": [
                "\u1051"
            ]
        },
		{
            "type": "bitmap",
            "file": "vsmp:font/2.png",
            "ascent": 19,
            "height": 23,
            "chars": [
                "\u1052"
            ]
        },
		{
            "type": "bitmap",
            "file": "vsmp:font/3.png",
            "ascent": 19,
            "height": 23,
            "chars": [
                "\u1053"
            ]
        }
    ]
}
