{
	"credit": "Made by FlatTire with Blockbench",
	"texture_size": [32, 32],
	"textures": {
		"2": "tiretown:block/plushie/beeplushie",
		"particle": "tiretown:block/plushie/beeplushie"
	},
	"elements": [
		{
			"from": [5.5, 0.0015, 5],
			"to": [10.5, 5.0015, 11],
			"faces": {
				"north": {"uv": [3, 3, 5.5, 5.5], "texture": "#2"},
				"east": {"uv": [0, 3, 3, 5.5], "texture": "#2"},
				"south": {"uv": [8.5, 3, 11, 5.5], "texture": "#2"},
				"west": {"uv": [5.5, 3, 8.5, 5.5], "texture": "#2"},
				"up": {"uv": [5.5, 3, 3, 0], "texture": "#2"},
				"down": {"uv": [8, 0, 5.5, 3], "texture": "#2"}
			}
		},
		{
			"from": [2.5, 5, 5],
			"to": [7.5, 5, 11],
			"rotation": {"angle": -22.5, "axis": "z", "origin": [7.5, 5, 8]},
			"faces": {
				"north": {"uv": [8, 3, 10.5, 3], "texture": "#2"},
				"east": {"uv": [5, 3, 8, 3], "texture": "#2"},
				"south": {"uv": [13.5, 3, 16, 3], "texture": "#2"},
				"west": {"uv": [10.5, 3, 13.5, 3], "texture": "#2"},
				"up": {"uv": [10.5, 3, 8, 0], "texture": "#2"},
				"down": {"uv": [13, 0, 10.5, 3], "texture": "#2"}
			}
		},
		{
			"from": [8.5, 5, 5],
			"to": [13.5, 5, 11],
			"rotation": {"angle": 22.5, "axis": "z", "origin": [8.5, 5, 8]},
			"faces": {
				"north": {"uv": [10.5, 3, 8, 3], "texture": "#2"},
				"east": {"uv": [13.5, 3, 10.5, 3], "texture": "#2"},
				"south": {"uv": [16, 3, 13.5, 3], "texture": "#2"},
				"west": {"uv": [8, 3, 5, 3], "texture": "#2"},
				"up": {"uv": [8, 3, 10.5, 0], "texture": "#2"},
				"down": {"uv": [10.5, 0, 13, 3], "texture": "#2"}
			}
		},
		{
			"from": [7, 4.5, 1.5],
			"to": [7, 6.5, 5],
			"rotation": {"angle": 22.5, "axis": "y", "origin": [7, 4.5, 5]},
			"faces": {
				"north": {"uv": [1.5, 1.5, 1.5, 2.5], "texture": "#2"},
				"east": {"uv": [0, 1.5, 1.5, 2.5], "texture": "#2"},
				"south": {"uv": [3, 1.5, 3, 2.5], "texture": "#2"},
				"west": {"uv": [1.5, 1.5, 3, 2.5], "texture": "#2"},
				"up": {"uv": [1.5, 1.5, 1.5, 0], "texture": "#2"},
				"down": {"uv": [1.5, 0, 1.5, 1.5], "texture": "#2"}
			}
		},
		{
			"from": [9, 4.5, 1.5],
			"to": [9, 6.5, 5],
			"rotation": {"angle": -22.5, "axis": "y", "origin": [9, 4.5, 5]},
			"faces": {
				"north": {"uv": [1.5, 1.5, 1.5, 2.5], "texture": "#2"},
				"east": {"uv": [3, 1.5, 1.5, 2.5], "texture": "#2"},
				"south": {"uv": [3, 1.5, 3, 2.5], "texture": "#2"},
				"west": {"uv": [1.5, 1.5, 0, 2.5], "texture": "#2"},
				"up": {"uv": [1.5, 1.5, 1.5, 0], "texture": "#2"},
				"down": {"uv": [1.5, 0, 1.5, 1.5], "texture": "#2"}
			}
		},
		{
			"from": [4.55, 0.001, 9],
			"to": [6.55, 0.001, 10],
			"faces": {
				"north": {"uv": [0.5, 0.5, 1.5, 0.5], "texture": "#2"},
				"east": {"uv": [0, 0.5, 0.5, 0.5], "texture": "#2"},
				"south": {"uv": [2, 0.5, 3, 0.5], "texture": "#2"},
				"west": {"uv": [1.5, 0.5, 2, 0.5], "texture": "#2"},
				"up": {"uv": [1.5, 0.5, 0.5, 0], "texture": "#2"},
				"down": {"uv": [2.5, 0, 1.5, 0.5], "texture": "#2"}
			}
		},
		{
			"from": [9.45, 0.001, 7.5],
			"to": [11.45, 0.001, 8.5],
			"rotation": {"angle": 0, "axis": "y", "origin": [16, 0, 0]},
			"faces": {
				"north": {"uv": [1.5, 0.5, 0.5, 0.5], "texture": "#2"},
				"east": {"uv": [2, 0.5, 1.5, 0.5], "texture": "#2"},
				"south": {"uv": [3, 0.5, 2, 0.5], "texture": "#2"},
				"west": {"uv": [0.5, 0.5, 0, 0.5], "texture": "#2"},
				"up": {"uv": [0.5, 0.5, 1.5, 0], "texture": "#2"},
				"down": {"uv": [1.5, 0, 2.5, 0.5], "texture": "#2"}
			}
		},
		{
			"from": [9.45, 0.001, 6],
			"to": [11.45, 0.001, 7],
			"rotation": {"angle": 0, "axis": "y", "origin": [16, 0, 0]},
			"faces": {
				"north": {"uv": [1.5, 0.5, 0.5, 0.5], "texture": "#2"},
				"east": {"uv": [2, 0.5, 1.5, 0.5], "texture": "#2"},
				"south": {"uv": [3, 0.5, 2, 0.5], "texture": "#2"},
				"west": {"uv": [0.5, 0.5, 0, 0.5], "texture": "#2"},
				"up": {"uv": [0.5, 0.5, 1.5, 0], "texture": "#2"},
				"down": {"uv": [1.5, 0, 2.5, 0.5], "texture": "#2"}
			}
		},
		{
			"from": [9.45, 0.001, 9],
			"to": [11.45, 0.001, 10],
			"rotation": {"angle": 0, "axis": "y", "origin": [16, 0, 0]},
			"faces": {
				"north": {"uv": [1.5, 0.5, 0.5, 0.5], "texture": "#2"},
				"east": {"uv": [2, 0.5, 1.5, 0.5], "texture": "#2"},
				"south": {"uv": [3, 0.5, 2, 0.5], "texture": "#2"},
				"west": {"uv": [0.5, 0.5, 0, 0.5], "texture": "#2"},
				"up": {"uv": [0.5, 0.5, 1.5, 0], "texture": "#2"},
				"down": {"uv": [1.5, 0, 2.5, 0.5], "texture": "#2"}
			}
		},
		{
			"from": [8, 2, 10],
			"to": [8, 3, 12],
			"rotation": {"angle": 0, "axis": "x", "origin": [8, 2.5, 11]},
			"faces": {
				"north": {"uv": [1, 1, 1, 1.5], "texture": "#2"},
				"east": {"uv": [0, 1, 1, 1.5], "texture": "#2"},
				"south": {"uv": [2, 1, 2, 1.5], "texture": "#2"},
				"west": {"uv": [1, 1, 2, 1.5], "texture": "#2"},
				"up": {"uv": [1, 1, 1, 0], "texture": "#2"},
				"down": {"uv": [1, 0, 1, 1], "texture": "#2"}
			}
		},
		{
			"from": [4.55, 0.001, 7.5],
			"to": [6.55, 0.001, 8.5],
			"faces": {
				"north": {"uv": [0.5, 0.5, 1.5, 0.5], "texture": "#2"},
				"east": {"uv": [0, 0.5, 0.5, 0.5], "texture": "#2"},
				"south": {"uv": [2, 0.5, 3, 0.5], "texture": "#2"},
				"west": {"uv": [1.5, 0.5, 2, 0.5], "texture": "#2"},
				"up": {"uv": [1.5, 0.5, 0.5, 0], "texture": "#2"},
				"down": {"uv": [2.5, 0, 1.5, 0.5], "texture": "#2"}
			}
		},
		{
			"from": [4.55, 0.001, 6],
			"to": [6.55, 0.001, 7],
			"faces": {
				"north": {"uv": [0.5, 0.5, 1.5, 0.5], "texture": "#2"},
				"east": {"uv": [0, 0.5, 0.5, 0.5], "texture": "#2"},
				"south": {"uv": [2, 0.5, 3, 0.5], "texture": "#2"},
				"west": {"uv": [1.5, 0.5, 2, 0.5], "texture": "#2"},
				"up": {"uv": [1.5, 0.5, 0.5, 0], "texture": "#2"},
				"down": {"uv": [2.5, 0, 1.5, 0.5], "texture": "#2"}
			}
		}
	],
	"display": {
		"thirdperson_righthand": {
			"rotation": [60, 0, 0],
			"translation": [0, 2, 1.25],
			"scale": [0.75, 0.75, 0.75]
		},
		"thirdperson_lefthand": {
			"rotation": [60, 0, 0],
			"translation": [0, 2, 1.25],
			"scale": [0.75, 0.75, 0.75]
		},
		"firstperson_righthand": {
			"rotation": [-180, 60, -180],
			"translation": [13.75, 3.5, -14.25]
		},
		"firstperson_lefthand": {
			"rotation": [-180, 60, -180],
			"translation": [13.75, 3.5, -14.25]
		},
		"ground": {
			"translation": [0, 3, 0],
			"scale": [0.5, 0.5, 0.5]
		},
		"gui": {
			"rotation": [30, 225, 0],
			"scale": [0.625, 0.625, 0.625]
		},
		"head": {
			"translation": [0, 14.5, 0]
		},
		"fixed": {
			"translation": [0, 0, -1]
		}
	}
}