{
	"credit": "Made with Blockbench",
	"parent": "minecraft:item/generated",
	"textures": {
		"layer0": "tiretown:item/postcard/boo_heart"
	},
	"display": {
		"thirdperson_righthand": {
			"rotation": [0, 0, -35],
			"translation": [-2.75, 2.5, 1],
			"scale": [0.55, 0.275, 0.275]
		},
		"thirdperson_lefthand": {
			"rotation": [0, 0, -35],
			"translation": [-2.75, 2.5, 1],
			"scale": [0.55, 0.275, 0.275]
		},
		"firstperson_righthand": {
			"rotation": [0, -9, 0],
			"translation": [-1, 4.5, 0],
			"scale": [0.7, 0.35, 0.35]
		},
		"firstperson_lefthand": {
			"rotation": [0, -9, 0],
			"translation": [-1, 4.5, 0],
			"scale": [0.7, 0.35, 0.35]
		},
		"ground": {
			"translation": [0, 2, 0],
			"scale": [0.5, 0.25, 0.5]
		},
		"gui": {
			"scale": [1, 0.5, 1]
		},
		"head": {
			"rotation": [0, 180, 0],
			"translation": [0, 3.75, -7.5],
			"scale": [1, 0.5, 0.5]
		},
		"fixed": {
			"rotation": [0, 180, 0],
			"scale": [1, 0.5, 1]
		}
	}
}