{
	"credit": "Made by FlatTire with Blockbench",
	"texture_size": [32, 32],
	"textures": {
		"1": "tiretown:block/plushie/chickenplushie"
	},
	"elements": [
		{
			"from": [6, 0.011, 6],
			"to": [10, 3.011, 10],
			"faces": {
				"north": {"uv": [2, 2, 4, 3.5], "texture": "#1"},
				"east": {"uv": [0, 2, 2, 3.5], "texture": "#1"},
				"south": {"uv": [6, 2, 8, 3.5], "texture": "#1"},
				"west": {"uv": [4, 2, 6, 3.5], "texture": "#1"},
				"up": {"uv": [4, 2, 2, 0], "texture": "#1"},
				"down": {"uv": [6, 0, 4, 2], "texture": "#1"}
			}
		},
		{
			"from": [6.5, 2.2, 4.5],
			"to": [9.5, 5.2, 6.5],
			"rotation": {"angle": 22.5, "axis": "x", "origin": [8, 2.5, 6.5]},
			"faces": {
				"north": {"uv": [1, 4.5, 2.5, 6], "texture": "#1"},
				"east": {"uv": [0, 4.5, 1, 6], "texture": "#1"},
				"south": {"uv": [3.5, 4.5, 5, 6], "texture": "#1"},
				"west": {"uv": [2.5, 4.5, 3.5, 6], "texture": "#1"},
				"up": {"uv": [2.5, 4.5, 1, 3.5], "texture": "#1"},
				"down": {"uv": [4, 3.5, 2.5, 4.5], "texture": "#1"}
			}
		},
		{
			"from": [9.5, 0.5, 6.5],
			"to": [10, 2.5, 9.5],
			"rotation": {"angle": 22.5, "axis": "z", "origin": [10, 3, 8]},
			"faces": {
				"north": {"uv": [2, 8, 2.5, 9], "texture": "#1"},
				"east": {"uv": [0.5, 8, 2, 9], "texture": "#1"},
				"south": {"uv": [0, 8, 0.5, 9], "texture": "#1"},
				"west": {"uv": [2.5, 8, 4, 9], "texture": "#1"},
				"up": {"uv": [2, 7.5, 0.5, 8], "rotation": 90, "texture": "#1"},
				"down": {"uv": [2, 7.5, 3.5, 8], "rotation": 90, "texture": "#1"}
			}
		},
		{
			"from": [6, 0.5, 6.5],
			"to": [6.5, 2.5, 9.5],
			"rotation": {"angle": -22.5, "axis": "z", "origin": [6, 3, 8]},
			"faces": {
				"north": {"uv": [0, 6.5, 0.5, 7.5], "texture": "#1"},
				"east": {"uv": [2.5, 6.5, 4, 7.5], "texture": "#1"},
				"south": {"uv": [2.5, 6.5, 2, 7.5], "texture": "#1"},
				"west": {"uv": [0.5, 6.5, 2, 7.5], "texture": "#1"},
				"up": {"uv": [2, 6, 0.5, 6.5], "rotation": 90, "texture": "#1"},
				"down": {"uv": [2, 6, 3.5, 6.5], "rotation": 90, "texture": "#1"}
			}
		},
		{
			"from": [7, 2.45, 3.5],
			"to": [9, 3.45, 4.5],
			"rotation": {"angle": 22.5, "axis": "x", "origin": [8, 2.5, 6.5]},
			"faces": {
				"north": {"uv": [5.5, 5.5, 6.5, 6], "texture": "#1"},
				"east": {"uv": [5, 5.5, 5.5, 6], "texture": "#1"},
				"south": {"uv": [7, 5.5, 8, 6], "texture": "#1"},
				"west": {"uv": [6.5, 5.5, 7, 6], "texture": "#1"},
				"up": {"uv": [6.5, 5.5, 5.5, 5], "texture": "#1"},
				"down": {"uv": [7.5, 5, 6.5, 5.5], "texture": "#1"}
			}
		},
		{
			"from": [7.5, 1.45, 4],
			"to": [8.5, 2.45, 4.5],
			"rotation": {"angle": 22.5, "axis": "x", "origin": [8, 2.5, 6.5]},
			"faces": {
				"north": {"uv": [0, 1, 0.5, 1.5], "texture": "#1"},
				"east": {"uv": [0, 1, 0.5, 1.5], "texture": "#1"},
				"south": {"uv": [0, 1, 0.5, 1.5], "texture": "#1"},
				"west": {"uv": [0, 1, 0.5, 1.5], "texture": "#1"},
				"up": {"uv": [0, 1, 0.5, 1.5], "texture": "#1"},
				"down": {"uv": [0, 1, 0.5, 1.5], "texture": "#1"}
			}
		},
		{
			"from": [6.5, 0.01, 4],
			"to": [7.5, 0.01, 7],
			"rotation": {"angle": 22.5, "axis": "y", "origin": [7, 0, 7]},
			"faces": {
				"north": {"uv": [5, 5, 5.5, 5], "texture": "#1"},
				"east": {"uv": [3.5, 5, 5, 5], "texture": "#1"},
				"south": {"uv": [7, 5, 7.5, 5], "texture": "#1"},
				"west": {"uv": [5.5, 5, 7, 5], "texture": "#1"},
				"up": {"uv": [5.5, 5, 5, 3.5], "texture": "#1"},
				"down": {"uv": [6, 3.5, 5.5, 5], "texture": "#1"}
			}
		},
		{
			"from": [5.92597, 0.01, 4.11418],
			"to": [6.92597, 1.01, 4.11418],
			"rotation": {"angle": 22.5, "axis": "y", "origin": [6.42597, 0, 5.61418]},
			"faces": {
				"north": {"uv": [0, 0.5, 0.5, 1], "rotation": 180, "texture": "#1"},
				"east": {"uv": [0, 0.5, 0, 1], "rotation": 90, "texture": "#1"},
				"south": {"uv": [0.5, 0.5, 1, 1], "texture": "#1"},
				"west": {"uv": [0.5, 0.5, 0.5, 1], "rotation": 270, "texture": "#1"},
				"up": {"uv": [0.5, 0.5, 0, 0.5], "texture": "#1"},
				"down": {"uv": [1, 0.5, 0.5, 0.5], "rotation": 180, "texture": "#1"}
			}
		},
		{
			"from": [9.07403, 0.01, 4.11418],
			"to": [10.07403, 1.01, 4.11418],
			"rotation": {"angle": -22.5, "axis": "y", "origin": [9.57403, 0, 5.61418]},
			"faces": {
				"north": {"uv": [0, 0, 0.5, 0.5], "rotation": 180, "texture": "#1"},
				"east": {"uv": [0, 0, 0, 0.5], "rotation": 270, "texture": "#1"},
				"south": {"uv": [0.5, 0, 1, 0.5], "texture": "#1"},
				"west": {"uv": [0.5, 0, 0.5, 0.5], "rotation": 90, "texture": "#1"},
				"up": {"uv": [0.5, 0, 0, 0], "texture": "#1"},
				"down": {"uv": [1, 0, 0.5, 0], "rotation": 180, "texture": "#1"}
			}
		},
		{
			"from": [8.5, 0.01, 4],
			"to": [9.5, 0.01, 7],
			"rotation": {"angle": -22.5, "axis": "y", "origin": [9, 0, 7]},
			"faces": {
				"north": {"uv": [6, 1.5, 6.5, 1.5], "texture": "#1"},
				"east": {"uv": [4.5, 1.5, 6, 1.5], "texture": "#1"},
				"south": {"uv": [8, 1.5, 8.5, 1.5], "texture": "#1"},
				"west": {"uv": [6.5, 1.5, 8, 1.5], "texture": "#1"},
				"up": {"uv": [6.5, 1.5, 6, 0], "texture": "#1"},
				"down": {"uv": [7, 0, 6.5, 1.5], "texture": "#1"}
			}
		}
	],
	"display": {
		"thirdperson_righthand": {
			"rotation": [60, 0, 0],
			"translation": [0, 2, 3],
			"scale": [0.75, 0.75, 0.75]
		},
		"thirdperson_lefthand": {
			"rotation": [60, 0, 0],
			"translation": [0, 2, 3],
			"scale": [0.75, 0.75, 0.75]
		},
		"firstperson_righthand": {
			"rotation": [-180, 60, -180],
			"translation": [13.75, 3.5, -14.25]
		},
		"firstperson_lefthand": {
			"rotation": [-180, 60, -180],
			"translation": [13.75, 3.5, -14.25]
		},
		"ground": {
			"translation": [0, 3, 0],
			"scale": [0.5, 0.5, 0.5]
		},
		"gui": {
			"rotation": [30, 225, 0],
			"scale": [0.625, 0.625, 0.625]
		},
		"head": {
			"translation": [0, 14.5, 0]
		},
		"fixed": {
			"translation": [0, 0, -1]
		}
	}
}