{
	"credit": "Made by FlatTire with Blockbench",
	"texture_size": [32, 32],
	"textures": {
		"0": "tiretown:block/plushie/mooshroomplushie",
		"particle": "tiretown:block/plushie/mooshroomplushie"
	},
	"elements": [
		{
			"from": [5, 4.19337, 5.31997],
			"to": [11, 10.19337, 10.31997],
			"rotation": {"angle": -22.5, "axis": "z", "origin": [8, 5.78143, 7.76131]},
			"faces": {
				"north": {"uv": [2.5, 2.5, 5.5, 5.5], "texture": "#0"},
				"east": {"uv": [0, 2.5, 2.5, 5.5], "texture": "#0"},
				"south": {"uv": [8, 2.5, 11, 5.5], "texture": "#0"},
				"west": {"uv": [5.5, 2.5, 8, 5.5], "texture": "#0"},
				"up": {"uv": [5.5, 2.5, 2.5, 0], "texture": "#0"},
				"down": {"uv": [8.5, 0, 5.5, 2.5], "texture": "#0"}
			}
		},
		{
			"from": [5.5, 10.19337, 7.81997],
			"to": [10.5, 14.19337, 7.81997],
			"rotation": {"angle": -22.5, "axis": "z", "origin": [8, 5.78143, 7.76131]},
			"faces": {
				"north": {"uv": [11.5, 0, 14, 2], "texture": "#0"},
				"east": {"uv": [11.5, 0, 14, 2], "texture": "#0"},
				"south": {"uv": [11.5, 0, 14, 2], "texture": "#0"},
				"west": {"uv": [11.5, 0, 14, 2], "texture": "#0"},
				"up": {"uv": [11.5, 0, 14, 2], "texture": "#0"},
				"down": {"uv": [11.5, 0, 14, 2], "texture": "#0"}
			}
		},
		{
			"from": [8.05866, 10.19337, 5.26131],
			"to": [8.05866, 14.19337, 10.26131],
			"rotation": {"angle": -22.5, "axis": "z", "origin": [8, 5.78143, 7.76131]},
			"faces": {
				"north": {"uv": [11.5, 0, 14, 2], "texture": "#0"},
				"east": {"uv": [11.5, 0, 14, 2], "texture": "#0"},
				"south": {"uv": [11.5, 0, 14, 2], "texture": "#0"},
				"west": {"uv": [11.5, 0, 14, 2], "texture": "#0"},
				"up": {"uv": [11.5, 0, 14, 2], "rotation": 270, "texture": "#0"},
				"down": {"uv": [11.5, 0, 14, 2], "rotation": 90, "texture": "#0"}
			}
		},
		{
			"from": [4, 8.19337, 7.31997],
			"to": [5, 11.19337, 8.31997],
			"rotation": {"angle": -22.5, "axis": "z", "origin": [8, 5.78143, 7.76131]},
			"faces": {
				"north": {"uv": [0.5, 0.5, 1, 2], "texture": "#0"},
				"east": {"uv": [0, 0.5, 0.5, 2], "texture": "#0"},
				"south": {"uv": [1.5, 0.5, 2, 2], "texture": "#0"},
				"west": {"uv": [1, 0.5, 1.5, 2], "texture": "#0"},
				"up": {"uv": [1, 0.5, 0.5, 0], "texture": "#0"},
				"down": {"uv": [1.5, 0, 1, 0.5], "texture": "#0"}
			}
		},
		{
			"from": [6, 0, 7.5],
			"to": [10, 4.25, 10.5],
			"rotation": {"angle": -22.5, "axis": "x", "origin": [8, 1.5, 8]},
			"faces": {
				"north": {"uv": [1.5, 7, 3.5, 9], "texture": "#0"},
				"east": {"uv": [0, 7, 1.5, 9], "texture": "#0"},
				"south": {"uv": [5, 7, 7, 9], "texture": "#0"},
				"west": {"uv": [3.5, 7, 5, 9], "texture": "#0"},
				"up": {"uv": [3.5, 7, 1.5, 5.5], "texture": "#0"},
				"down": {"uv": [5.5, 5.5, 3.5, 7], "texture": "#0"}
			}
		},
		{
			"from": [7, 0, 7],
			"to": [9, 2, 7.5],
			"rotation": {"angle": -22.5, "axis": "x", "origin": [8, 1.5, 8]},
			"faces": {
				"north": {"uv": [9, 0.5, 10, 1.5], "texture": "#0"},
				"east": {"uv": [9, 0.5, 8.5, 1.5], "texture": "#0"},
				"south": {"uv": [10.5, 0.5, 11.5, 1.5], "texture": "#0"},
				"west": {"uv": [10, 0.5, 10.5, 1.5], "texture": "#0"},
				"up": {"uv": [10, 0.5, 9, 0], "texture": "#0"},
				"down": {"uv": [11, 0.5, 10, 0], "texture": "#0"}
			}
		},
		{
			"from": [9, 4.15083, 2.97068],
			"to": [10.5, 6.15083, 7.97068],
			"rotation": {"angle": -45, "axis": "x", "origin": [8, 4.5, 9]},
			"faces": {
				"north": {"uv": [10.5, 8, 11, 9], "rotation": 180, "texture": "#0"},
				"east": {"uv": [8, 8, 10.5, 9], "texture": "#0"},
				"south": {"uv": [13.5, 8, 14, 9], "texture": "#0"},
				"west": {"uv": [11, 8, 13.5, 9], "texture": "#0"},
				"up": {"uv": [11, 8, 10.5, 5.5], "texture": "#0"},
				"down": {"uv": [11.5, 5.5, 11, 8], "texture": "#0"}
			}
		},
		{
			"from": [5.5, 4.15083, 2.97068],
			"to": [7, 6.15083, 7.97068],
			"rotation": {"angle": -45, "axis": "x", "origin": [8, 4.5, 9]},
			"faces": {
				"north": {"uv": [7, 9, 7.5, 10], "rotation": 180, "texture": "#0"},
				"east": {"uv": [4.5, 9, 7, 10], "texture": "#0"},
				"south": {"uv": [10, 9, 10.5, 10], "texture": "#0"},
				"west": {"uv": [7.5, 9, 10, 10], "texture": "#0"},
				"up": {"uv": [7.5, 9, 7, 6.5], "texture": "#0"},
				"down": {"uv": [8, 6.5, 7.5, 9], "texture": "#0"}
			}
		},
		{
			"from": [4.975, 0, 3.75],
			"to": [6.475, 2, 7.75],
			"rotation": {"angle": 45, "axis": "y", "origin": [7, 0.25, 7.75]},
			"faces": {
				"north": {"uv": [10.5, 11, 11, 12], "texture": "#0"},
				"east": {"uv": [8.5, 11, 10.5, 12], "texture": "#0"},
				"south": {"uv": [13, 11, 13.5, 12], "texture": "#0"},
				"west": {"uv": [11, 11, 13, 12], "texture": "#0"},
				"up": {"uv": [11, 11, 10.5, 9], "texture": "#0"},
				"down": {"uv": [11.5, 9, 11, 11], "texture": "#0"}
			}
		},
		{
			"from": [9.525, 0, 3.75],
			"to": [11.025, 2, 7.75],
			"rotation": {"angle": -45, "axis": "y", "origin": [9, 0.25, 7.75]},
			"faces": {
				"north": {"uv": [2, 11, 2.5, 12], "texture": "#0"},
				"east": {"uv": [0, 11, 2, 12], "texture": "#0"},
				"south": {"uv": [4.5, 11, 5, 12], "texture": "#0"},
				"west": {"uv": [2.5, 11, 4.5, 12], "texture": "#0"},
				"up": {"uv": [2.5, 11, 2, 9], "texture": "#0"},
				"down": {"uv": [3, 9, 2.5, 11], "texture": "#0"}
			}
		},
		{
			"from": [11, 8.19337, 7.31997],
			"to": [12, 11.19337, 8.31997],
			"rotation": {"angle": -22.5, "axis": "z", "origin": [8, 5.78143, 7.76131]},
			"faces": {
				"north": {"uv": [8.5, 6, 9, 7.5], "texture": "#0"},
				"east": {"uv": [8, 6, 8.5, 7.5], "texture": "#0"},
				"south": {"uv": [9.5, 6, 10, 7.5], "texture": "#0"},
				"west": {"uv": [9, 6, 9.5, 7.5], "texture": "#0"},
				"up": {"uv": [9, 6, 8.5, 5.5], "texture": "#0"},
				"down": {"uv": [9.5, 5.5, 9, 6], "texture": "#0"}
			}
		}
	],
	"display": {
		"thirdperson_righthand": {
			"rotation": [60, 0, 0],
			"translation": [0, 2, 1.5],
			"scale": [0.75, 0.75, 0.75]
		},
		"thirdperson_lefthand": {
			"rotation": [60, 0, 0],
			"translation": [0, 2, 1.5],
			"scale": [0.75, 0.75, 0.75]
		},
		"firstperson_righthand": {
			"rotation": [-180, 60, -180],
			"translation": [13.75, 2, -14.25]
		},
		"firstperson_lefthand": {
			"rotation": [-180, 60, -180],
			"translation": [13.75, 2, -14.25]
		},
		"ground": {
			"translation": [0, 3, 0],
			"scale": [0.5, 0.5, 0.5]
		},
		"gui": {
			"rotation": [30, 225, 0],
			"scale": [0.625, 0.625, 0.625]
		},
		"head": {
			"translation": [0, 14.5, 0]
		},
		"fixed": {
			"translation": [0, 0, -1]
		}
	}
}