{
	"credit": "Made by Tackish and FlatTire with Blockbench",
	"texture_size": [32, 32],
	"textures": {
		"1": "tiretown:block/plushie/pigplushie"
	},
	"elements": [
		{
			"from": [5.5, 0, 4.5],
			"to": [7, 2, 7.5],
			"rotation": {"angle": 22.5, "axis": "y", "origin": [6, 1, 7.5]},
			"faces": {
				"north": {"uv": [7, 10.5, 7.5, 11.5], "texture": "#1"},
				"east": {"uv": [5.5, 10.5, 7, 11.5], "texture": "#1"},
				"south": {"uv": [9, 10.5, 9.5, 11.5], "texture": "#1"},
				"west": {"uv": [7.5, 10.5, 9, 11.5], "texture": "#1"},
				"up": {"uv": [7.5, 10.5, 7, 9], "texture": "#1"},
				"down": {"uv": [8, 9, 7.5, 10.5], "texture": "#1"}
			}
		},
		{
			"from": [9, 0, 4.5],
			"to": [10.5, 2, 7.5],
			"rotation": {"angle": -22.5, "axis": "y", "origin": [10, 1, 7.5]},
			"faces": {
				"north": {"uv": [10.5, 1.5, 11, 2.5], "texture": "#1"},
				"east": {"uv": [9, 1.5, 10.5, 2.5], "texture": "#1"},
				"south": {"uv": [12.5, 1.5, 13, 2.5], "texture": "#1"},
				"west": {"uv": [11, 1.5, 12.5, 2.5], "texture": "#1"},
				"up": {"uv": [11, 1.5, 10.5, 0], "texture": "#1"},
				"down": {"uv": [11.5, 0, 11, 1.5], "texture": "#1"}
			}
		},
		{
			"from": [10.15, 2.75, 7],
			"to": [13.15, 4.25, 9],
			"rotation": {"angle": -22.5, "axis": "z", "origin": [10, 4, 8]},
			"faces": {
				"north": {"uv": [8, 8.5, 9.5, 9], "texture": "#1"},
				"east": {"uv": [7, 8.5, 8, 9], "texture": "#1"},
				"south": {"uv": [10.5, 8.5, 12, 9], "texture": "#1"},
				"west": {"uv": [9.5, 8.5, 10.5, 9], "texture": "#1"},
				"up": {"uv": [9.5, 8.5, 8, 7.5], "texture": "#1"},
				"down": {"uv": [11, 7.5, 9.5, 8.5], "texture": "#1"}
			}
		},
		{
			"from": [6, 0.25, 6.5],
			"to": [10, 4.5, 9.5],
			"faces": {
				"north": {"uv": [1.5, 7.5, 3.5, 9.5], "texture": "#1"},
				"east": {"uv": [0, 7.5, 1.5, 9.5], "texture": "#1"},
				"south": {"uv": [5, 7.5, 7, 9.5], "texture": "#1"},
				"west": {"uv": [3.5, 7.5, 5, 9.5], "texture": "#1"},
				"up": {"uv": [3.5, 7.5, 1.5, 6], "texture": "#1"},
				"down": {"uv": [5.5, 6, 3.5, 7.5], "texture": "#1"}
			}
		},
		{
			"from": [5, 4.23994, 4.29804],
			"to": [11, 10.23994, 10.29804],
			"rotation": {"angle": -22.5, "axis": "x", "origin": [8, 7.23994, 7.29804]},
			"faces": {
				"north": {"uv": [3, 3, 6, 6], "texture": "#1"},
				"east": {"uv": [0, 3, 3, 6], "texture": "#1"},
				"south": {"uv": [9, 3, 12, 6], "texture": "#1"},
				"west": {"uv": [6, 3, 9, 6], "texture": "#1"},
				"up": {"uv": [6, 3, 3, 0], "texture": "#1"},
				"down": {"uv": [9, 0, 6, 3], "texture": "#1"}
			}
		},
		{
			"from": [2.85, 2.75, 7],
			"to": [5.85, 4.25, 9],
			"rotation": {"angle": 22.5, "axis": "z", "origin": [6, 4, 8]},
			"faces": {
				"north": {"uv": [6.5, 7, 8, 7.5], "texture": "#1"},
				"east": {"uv": [5.5, 7, 6.5, 7.5], "texture": "#1"},
				"south": {"uv": [9, 7, 10.5, 7.5], "texture": "#1"},
				"west": {"uv": [8, 7, 9, 7.5], "texture": "#1"},
				"up": {"uv": [8, 7, 6.5, 6], "texture": "#1"},
				"down": {"uv": [9.5, 6, 8, 7], "texture": "#1"}
			}
		},
		{
			"from": [6.5, 4.9899, 3.75],
			"to": [9.5, 6.9899, 4.75],
			"rotation": {"angle": -22.5, "axis": "x", "origin": [8, 7.23994, 7.29804]},
			"faces": {
				"north": {"uv": [8.5, 9.5, 10, 10.5], "texture": "#1"},
				"east": {"uv": [8, 9.5, 8.5, 10.5], "texture": "#1"},
				"south": {"uv": [10.5, 9.5, 12, 10.5], "texture": "#1"},
				"west": {"uv": [10, 9.5, 10.5, 10.5], "texture": "#1"},
				"up": {"uv": [10, 9.5, 8.5, 9], "texture": "#1"},
				"down": {"uv": [11.5, 9, 10, 9.5], "texture": "#1"}
			}
		}
	],
	"display": {
		"thirdperson_righthand": {
			"rotation": [60, 0, 0],
			"translation": [0, 2, 1.5],
			"scale": [0.75, 0.75, 0.75]
		},
		"thirdperson_lefthand": {
			"rotation": [60, 0, 0],
			"translation": [0, 2, 1.5],
			"scale": [0.75, 0.75, 0.75]
		},
		"firstperson_righthand": {
			"rotation": [-180, 60, -180],
			"translation": [13.75, 2, -14.25]
		},
		"firstperson_lefthand": {
			"rotation": [-180, 60, -180],
			"translation": [13.75, 2, -14.25]
		},
		"ground": {
			"translation": [0, 3, 0],
			"scale": [0.5, 0.5, 0.5]
		},
		"gui": {
			"rotation": [30, 225, 0],
			"scale": [0.625, 0.625, 0.625]
		},
		"head": {
			"translation": [0, 14.5, 0]
		},
		"fixed": {
			"translation": [0, 0, -1]
		}
	}
}