{
	"credit": "Made by Tackish with Blockbench",
	"texture_size": [32, 32],
	"textures": {
		"0": "tiretown:block/plushie/skeletonplushie",
		"particle": "tiretown:block/plushie/skeletonplushie"
	},
	"elements": [
		{
			"from": [5, 5.5, 5],
			"to": [11, 11.5, 5],
			"rotation": {"angle": 0, "axis": "x", "origin": [8, 4.75, 10]},
			"faces": {
				"north": {"uv": [3, 3, 6, 6], "texture": "#0"},
				"east": {"uv": [3, 3, 6, 6], "texture": "#0"},
				"south": {"uv": [3, 3, 6, 6], "texture": "#0"},
				"west": {"uv": [3, 3, 6, 6], "texture": "#0"},
				"up": {"uv": [3, 3, 6, 6], "texture": "#0"},
				"down": {"uv": [3, 3, 6, 6], "texture": "#0"}
			}
		},
		{
			"from": [11, 5.5, 5],
			"to": [11, 11.5, 11],
			"rotation": {"angle": 0, "axis": "x", "origin": [8, 4.75, 10]},
			"faces": {
				"north": {"uv": [0, 3, 3, 6], "texture": "#0"},
				"east": {"uv": [0, 3, 3, 6], "texture": "#0"},
				"south": {"uv": [0, 3, 3, 6], "texture": "#0"},
				"west": {"uv": [0, 3, 3, 6], "texture": "#0"},
				"up": {"uv": [0, 3, 3, 6], "texture": "#0"},
				"down": {"uv": [0, 3, 3, 6], "texture": "#0"}
			}
		},
		{
			"from": [5, 5.5, 5],
			"to": [5, 11.5, 11],
			"rotation": {"angle": 0, "axis": "x", "origin": [8, 4.75, 10]},
			"faces": {
				"north": {"uv": [6, 3, 9, 6], "texture": "#0"},
				"east": {"uv": [6, 3, 9, 6], "texture": "#0"},
				"south": {"uv": [6, 3, 9, 6], "texture": "#0"},
				"west": {"uv": [6, 3, 9, 6], "texture": "#0"},
				"up": {"uv": [6, 3, 9, 6], "texture": "#0"},
				"down": {"uv": [6, 3, 9, 6], "texture": "#0"}
			}
		},
		{
			"from": [5, 11.5, 5],
			"to": [11, 11.5, 11],
			"rotation": {"angle": 0, "axis": "x", "origin": [8, 4.75, 10]},
			"faces": {
				"north": {"uv": [6, 3, 3, 0], "texture": "#0"},
				"east": {"uv": [6, 3, 3, 0], "texture": "#0"},
				"south": {"uv": [6, 3, 3, 0], "texture": "#0"},
				"west": {"uv": [6, 3, 3, 0], "texture": "#0"},
				"up": {"uv": [6, 3, 3, 0], "texture": "#0"},
				"down": {"uv": [6, 3, 3, 0], "texture": "#0"}
			}
		},
		{
			"from": [5, 5.5, 5],
			"to": [11, 5.5, 11],
			"rotation": {"angle": 0, "axis": "x", "origin": [8, 4.75, 10]},
			"faces": {
				"north": {"uv": [9, 0, 6, 3], "texture": "#0"},
				"east": {"uv": [9, 0, 6, 3], "texture": "#0"},
				"south": {"uv": [9, 0, 6, 3], "texture": "#0"},
				"west": {"uv": [9, 0, 6, 3], "texture": "#0"},
				"up": {"uv": [9, 0, 6, 3], "texture": "#0"},
				"down": {"uv": [9, 0, 6, 3], "texture": "#0"}
			}
		},
		{
			"from": [5, 5.5, 11],
			"to": [11, 11.5, 11],
			"rotation": {"angle": 0, "axis": "x", "origin": [8, 4.75, 10]},
			"faces": {
				"north": {"uv": [9, 3, 12, 6], "texture": "#0"},
				"east": {"uv": [9, 3, 12, 6], "texture": "#0"},
				"south": {"uv": [9, 3, 12, 6], "texture": "#0"},
				"west": {"uv": [9, 3, 12, 6], "texture": "#0"},
				"up": {"uv": [9, 3, 12, 6], "texture": "#0"},
				"down": {"uv": [9, 3, 12, 6], "texture": "#0"}
			}
		},
		{
			"from": [6, 0.5, 7],
			"to": [6, 5.5, 9],
			"rotation": {"angle": 0, "axis": "x", "origin": [8, 0.75, 8]},
			"faces": {
				"north": {"uv": [5, 9, 5, 11.5], "texture": "#0"},
				"east": {"uv": [4, 9, 5, 11.5], "texture": "#0"},
				"south": {"uv": [6, 9, 6, 11.5], "texture": "#0"},
				"west": {"uv": [4, 9, 5, 11.5], "texture": "#0"},
				"up": {"uv": [5, 9, 5, 8], "texture": "#0"},
				"down": {"uv": [5, 8, 5, 9], "texture": "#0"}
			}
		},
		{
			"from": [10, 0.5, 7],
			"to": [10, 5.5, 9],
			"rotation": {"angle": 0, "axis": "x", "origin": [8, 0.75, 8]},
			"faces": {
				"north": {"uv": [1, 6, 1, 8.5], "texture": "#0"},
				"east": {"uv": [0, 6, 1, 8.5], "texture": "#0"},
				"south": {"uv": [2, 6, 2, 8.5], "texture": "#0"},
				"west": {"uv": [0, 6, 1, 8.5], "texture": "#0"},
				"up": {"uv": [1, 6, 1, 5], "texture": "#0"},
				"down": {"uv": [1, 5, 1, 6], "texture": "#0"}
			}
		},
		{
			"from": [6, 0.5, 9],
			"to": [10, 5.5, 9],
			"rotation": {"angle": 0, "axis": "x", "origin": [8, 0.75, 8]},
			"faces": {
				"north": {"uv": [9, 0, 11, 2.5], "texture": "#0"},
				"east": {"uv": [9, 0, 9, 2.5], "texture": "#0"},
				"south": {"uv": [9, 0, 11, 2.5], "texture": "#0"},
				"west": {"uv": [11, 0, 11, 2.5], "texture": "#0"},
				"up": {"uv": [11, 0, 9, 0], "texture": "#0"},
				"down": {"uv": [13, 0, 11, 0], "texture": "#0"}
			}
		},
		{
			"from": [6, 0.5, 7],
			"to": [10, 5.5, 7],
			"rotation": {"angle": 0, "axis": "x", "origin": [8, 0.75, 8]},
			"faces": {
				"north": {"uv": [0, 9, 2, 11.5], "texture": "#0"},
				"east": {"uv": [0, 9, 0, 11.5], "texture": "#0"},
				"south": {"uv": [0, 9, 2, 11.5], "texture": "#0"},
				"west": {"uv": [2, 9, 2, 11.5], "texture": "#0"},
				"up": {"uv": [2, 9, 0, 9], "texture": "#0"},
				"down": {"uv": [4, 9, 2, 9], "texture": "#0"}
			}
		},
		{
			"from": [6, 0.5, 7],
			"to": [10, 0.5, 9],
			"rotation": {"angle": 0, "axis": "x", "origin": [8, 0.75, 8]},
			"faces": {
				"north": {"uv": [3.5, 7, 5.5, 7], "texture": "#0"},
				"east": {"uv": [2.5, 7, 3.5, 7], "texture": "#0"},
				"south": {"uv": [6.5, 7, 8.5, 7], "texture": "#0"},
				"west": {"uv": [5.5, 7, 6.5, 7], "texture": "#0"},
				"up": {"uv": [5.5, 7, 3.5, 6], "texture": "#0"},
				"down": {"uv": [5.5, 6, 3.5, 7], "texture": "#0"}
			}
		},
		{
			"from": [9.93492, -0.26507, 7.47417],
			"to": [10.93492, 4.73493, 8.47417],
			"rotation": {"angle": 22.5, "axis": "z", "origin": [10, 4.25, 8]},
			"faces": {
				"north": {"uv": [6.5, 9.5, 7, 12], "texture": "#0"},
				"east": {"uv": [6, 9.5, 6.5, 12], "texture": "#0"},
				"south": {"uv": [7.5, 9.5, 8, 12], "texture": "#0"},
				"west": {"uv": [7, 9.5, 7.5, 12], "texture": "#0"},
				"up": {"uv": [7, 9.5, 6.5, 9], "texture": "#0"},
				"down": {"uv": [7.5, 9, 7, 9.5], "texture": "#0"}
			}
		},
		{
			"from": [5.06508, -0.26507, 7.47417],
			"to": [6.06508, 4.73493, 8.47417],
			"rotation": {"angle": -22.5, "axis": "z", "origin": [6, 4.25, 8]},
			"faces": {
				"north": {"uv": [7, 9.5, 6.5, 12], "texture": "#0"},
				"east": {"uv": [7.5, 9.5, 7, 12], "texture": "#0"},
				"south": {"uv": [8, 9.5, 7.5, 12], "texture": "#0"},
				"west": {"uv": [6.5, 9.5, 6, 12], "texture": "#0"},
				"up": {"uv": [6.5, 9.5, 7, 9], "texture": "#0"},
				"down": {"uv": [7, 9, 7.5, 9.5], "texture": "#0"}
			}
		},
		{
			"from": [5.75, 0, 2.75],
			"to": [6.75, 1, 7.75],
			"rotation": {"angle": 0, "axis": "y", "origin": [7, 0, 7.75]},
			"faces": {
				"north": {"uv": [8.5, 8.5, 9, 9], "texture": "#0"},
				"east": {"uv": [6, 8.5, 8.5, 9], "texture": "#0"},
				"south": {"uv": [11.5, 8.5, 12, 9], "texture": "#0"},
				"west": {"uv": [9, 8.5, 11.5, 9], "texture": "#0"},
				"up": {"uv": [9, 8.5, 8.5, 6], "texture": "#0"},
				"down": {"uv": [9.5, 6, 9, 8.5], "texture": "#0"}
			}
		},
		{
			"from": [9.25, 0, 2.75],
			"to": [10.25, 1, 7.75],
			"rotation": {"angle": 0, "axis": "y", "origin": [9, 0, 7.75]},
			"faces": {
				"north": {"uv": [9, 8.5, 8.5, 9], "texture": "#0"},
				"east": {"uv": [11.5, 8.5, 9, 9], "texture": "#0"},
				"south": {"uv": [12, 8.5, 11.5, 9], "texture": "#0"},
				"west": {"uv": [8.5, 8.5, 6, 9], "texture": "#0"},
				"up": {"uv": [8.5, 8.5, 9, 6], "texture": "#0"},
				"down": {"uv": [9, 6, 9.5, 8.5], "texture": "#0"}
			}
		},
		{
			"from": [12.52028, 1, -0.27261],
			"to": [13.52028, 1.5, 0.72739],
			"rotation": {"angle": -45, "axis": "y", "origin": [8.02028, 1.25, 4.72739]},
			"faces": {
				"north": {"uv": [15.5, 12.5, 15.75, 12.75], "texture": "#0"},
				"east": {"uv": [15.5, 12.5, 15.75, 12.75], "texture": "#0"},
				"south": {"uv": [15.5, 12.5, 15.75, 12.75], "texture": "#0"},
				"west": {"uv": [15.5, 12.5, 15.75, 12.75], "texture": "#0"},
				"up": {"uv": [15.5, 12.5, 15.75, 12.75], "rotation": 180, "texture": "#0"},
				"down": {"uv": [15.5, 12.5, 15.75, 12.75], "rotation": 180, "texture": "#0"}
			}
		},
		{
			"from": [12.52028, 1, 0.72739],
			"to": [13.52028, 1.5, 1.72739],
			"rotation": {"angle": -45, "axis": "y", "origin": [8.02028, 1.25, 4.72739]},
			"faces": {
				"north": {"uv": [15.5, 12.75, 15.75, 13], "texture": "#0"},
				"east": {"uv": [15.5, 12.75, 15.75, 13], "texture": "#0"},
				"south": {"uv": [15.5, 12.75, 15.75, 13], "texture": "#0"},
				"west": {"uv": [15.5, 12.75, 15.75, 13], "texture": "#0"},
				"up": {"uv": [15.5, 12.75, 15.75, 13], "rotation": 180, "texture": "#0"},
				"down": {"uv": [15.5, 12.75, 15.75, 13], "rotation": 180, "texture": "#0"}
			}
		},
		{
			"from": [11.52028, 1, 0.72739],
			"to": [12.52028, 1.5, 1.72739],
			"rotation": {"angle": -45, "axis": "y", "origin": [8.02028, 1.25, 4.72739]},
			"faces": {
				"north": {"uv": [15.25, 12.75, 15.5, 13], "texture": "#0"},
				"east": {"uv": [15.25, 12.75, 15.5, 13], "texture": "#0"},
				"south": {"uv": [15.25, 12.75, 15.5, 13], "texture": "#0"},
				"west": {"uv": [15.25, 12.75, 15.5, 13], "texture": "#0"},
				"up": {"uv": [15.25, 12.75, 15.5, 13], "rotation": 180, "texture": "#0"},
				"down": {"uv": [15.25, 12.75, 15.5, 13], "rotation": 180, "texture": "#0"}
			}
		},
		{
			"from": [11.52028, 1, 1.72739],
			"to": [12.52028, 1.5, 2.72739],
			"rotation": {"angle": -45, "axis": "y", "origin": [8.02028, 1.25, 4.72739]},
			"faces": {
				"north": {"uv": [15.25, 13, 15.5, 13.25], "texture": "#0"},
				"east": {"uv": [15.25, 13, 15.5, 13.25], "texture": "#0"},
				"south": {"uv": [15.25, 13, 15.5, 13.25], "texture": "#0"},
				"west": {"uv": [15.25, 13, 15.5, 13.25], "texture": "#0"},
				"up": {"uv": [15.25, 13, 15.5, 13.25], "rotation": 180, "texture": "#0"},
				"down": {"uv": [15.25, 13, 15.5, 13.25], "rotation": 180, "texture": "#0"}
			}
		},
		{
			"from": [11.52028, 1, 2.72739],
			"to": [12.52028, 1.5, 3.72739],
			"rotation": {"angle": -45, "axis": "y", "origin": [8.02028, 1.25, 4.72739]},
			"faces": {
				"north": {"uv": [15.25, 13.25, 15.5, 13.5], "texture": "#0"},
				"east": {"uv": [15.25, 13.25, 15.5, 13.5], "texture": "#0"},
				"south": {"uv": [15.25, 13.25, 15.5, 13.5], "texture": "#0"},
				"west": {"uv": [15.25, 13.25, 15.5, 13.5], "texture": "#0"},
				"up": {"uv": [15.25, 13.25, 15.5, 13.5], "rotation": 180, "texture": "#0"},
				"down": {"uv": [15.25, 13.25, 15.5, 13.5], "rotation": 180, "texture": "#0"}
			}
		},
		{
			"from": [10.52028, 1, 2.72739],
			"to": [11.52028, 1.5, 3.72739],
			"rotation": {"angle": -45, "axis": "y", "origin": [8.02028, 1.25, 4.72739]},
			"faces": {
				"north": {"uv": [15, 13.25, 15.25, 13.5], "texture": "#0"},
				"east": {"uv": [15, 13.25, 15.25, 13.5], "texture": "#0"},
				"south": {"uv": [15, 13.25, 15.25, 13.5], "texture": "#0"},
				"west": {"uv": [15, 13.25, 15.25, 13.5], "texture": "#0"},
				"up": {"uv": [15, 13.25, 15.25, 13.5], "rotation": 180, "texture": "#0"},
				"down": {"uv": [15, 13.25, 15.25, 13.5], "rotation": 180, "texture": "#0"}
			}
		},
		{
			"from": [10.52028, 1, 3.72739],
			"to": [11.52028, 1.5, 4.72739],
			"rotation": {"angle": -45, "axis": "y", "origin": [8.02028, 1.25, 4.72739]},
			"faces": {
				"north": {"uv": [15, 13.5, 15.25, 13.75], "texture": "#0"},
				"east": {"uv": [15, 13.5, 15.25, 13.75], "texture": "#0"},
				"south": {"uv": [15, 13.5, 15.25, 13.75], "texture": "#0"},
				"west": {"uv": [15, 13.5, 15.25, 13.75], "texture": "#0"},
				"up": {"uv": [15, 13.5, 15.25, 13.75], "rotation": 180, "texture": "#0"},
				"down": {"uv": [15, 13.5, 15.25, 13.75], "rotation": 180, "texture": "#0"}
			}
		},
		{
			"from": [8.52028, 1, 3.72739],
			"to": [9.52028, 1.5, 4.72739],
			"rotation": {"angle": -45, "axis": "y", "origin": [8.02028, 1.25, 4.72739]},
			"faces": {
				"north": {"uv": [14.5, 13.5, 14.75, 13.75], "texture": "#0"},
				"east": {"uv": [14.5, 13.5, 14.75, 13.75], "texture": "#0"},
				"south": {"uv": [14.5, 13.5, 14.75, 13.75], "texture": "#0"},
				"west": {"uv": [14.5, 13.5, 14.75, 13.75], "texture": "#0"},
				"up": {"uv": [14.5, 13.5, 14.75, 13.75], "rotation": 180, "texture": "#0"},
				"down": {"uv": [14.5, 13.5, 14.75, 13.75], "rotation": 180, "texture": "#0"}
			}
		},
		{
			"from": [7.52028, 1, 3.72739],
			"to": [8.52028, 1.5, 4.72739],
			"rotation": {"angle": -45, "axis": "y", "origin": [8.02028, 1.25, 4.72739]},
			"faces": {
				"north": {"uv": [14.25, 13.5, 14.5, 13.75], "texture": "#0"},
				"east": {"uv": [14.25, 13.5, 14.5, 13.75], "texture": "#0"},
				"south": {"uv": [14.25, 13.5, 14.5, 13.75], "texture": "#0"},
				"west": {"uv": [14.25, 13.5, 14.5, 13.75], "texture": "#0"},
				"up": {"uv": [14.25, 13.5, 14.5, 13.75], "rotation": 180, "texture": "#0"},
				"down": {"uv": [14.25, 13.5, 14.5, 13.75], "rotation": 180, "texture": "#0"}
			}
		},
		{
			"from": [7.52028, 1, 4.72739],
			"to": [8.52028, 1.5, 5.72739],
			"rotation": {"angle": -45, "axis": "y", "origin": [8.02028, 1.25, 4.72739]},
			"faces": {
				"north": {"uv": [14.25, 13.75, 14.5, 14], "texture": "#0"},
				"east": {"uv": [14.25, 13.75, 14.5, 14], "texture": "#0"},
				"south": {"uv": [14.25, 13.75, 14.5, 14], "texture": "#0"},
				"west": {"uv": [14.25, 13.75, 14.5, 14], "texture": "#0"},
				"up": {"uv": [14.25, 13.75, 14.5, 14], "rotation": 180, "texture": "#0"},
				"down": {"uv": [14.25, 13.75, 14.5, 14], "rotation": 180, "texture": "#0"}
			}
		},
		{
			"from": [6.52028, 1, 4.72739],
			"to": [7.52028, 1.5, 5.72739],
			"rotation": {"angle": -45, "axis": "y", "origin": [8.02028, 1.25, 4.72739]},
			"faces": {
				"north": {"uv": [14, 13.75, 14.25, 14], "texture": "#0"},
				"east": {"uv": [14, 13.75, 14.25, 14], "texture": "#0"},
				"south": {"uv": [14, 13.75, 14.25, 14], "texture": "#0"},
				"west": {"uv": [14, 13.75, 14.25, 14], "texture": "#0"},
				"up": {"uv": [14, 13.75, 14.25, 14], "rotation": 180, "texture": "#0"},
				"down": {"uv": [14, 13.75, 14.25, 14], "rotation": 180, "texture": "#0"}
			}
		},
		{
			"from": [6.52028, 1, 5.72739],
			"to": [7.52028, 1.5, 6.72739],
			"rotation": {"angle": -45, "axis": "y", "origin": [8.02028, 1.25, 4.72739]},
			"faces": {
				"north": {"uv": [14, 14, 14.25, 14.25], "texture": "#0"},
				"east": {"uv": [14, 14, 14.25, 14.25], "texture": "#0"},
				"south": {"uv": [14, 14, 14.25, 14.25], "texture": "#0"},
				"west": {"uv": [14, 14, 14.25, 14.25], "texture": "#0"},
				"up": {"uv": [14, 14, 14.25, 14.25], "rotation": 180, "texture": "#0"},
				"down": {"uv": [14, 14, 14.25, 14.25], "rotation": 180, "texture": "#0"}
			}
		},
		{
			"from": [5.52028, 1, 5.72739],
			"to": [6.52028, 1.5, 6.72739],
			"rotation": {"angle": -45, "axis": "y", "origin": [8.02028, 1.25, 4.72739]},
			"faces": {
				"north": {"uv": [13.75, 14, 14, 14.25], "texture": "#0"},
				"east": {"uv": [13.75, 14, 14, 14.25], "texture": "#0"},
				"south": {"uv": [13.75, 14, 14, 14.25], "texture": "#0"},
				"west": {"uv": [13.75, 14, 14, 14.25], "texture": "#0"},
				"up": {"uv": [13.75, 14, 14, 14.25], "rotation": 180, "texture": "#0"},
				"down": {"uv": [13.75, 14, 14, 14.25], "rotation": 180, "texture": "#0"}
			}
		},
		{
			"from": [5.52028, 1, 6.72739],
			"to": [6.52028, 1.5, 7.72739],
			"rotation": {"angle": -45, "axis": "y", "origin": [8.02028, 1.25, 4.72739]},
			"faces": {
				"north": {"uv": [13.75, 14.25, 14, 14.5], "texture": "#0"},
				"east": {"uv": [13.75, 14.25, 14, 14.5], "texture": "#0"},
				"south": {"uv": [13.75, 14.25, 14, 14.5], "texture": "#0"},
				"west": {"uv": [13.75, 14.25, 14, 14.5], "texture": "#0"},
				"up": {"uv": [13.75, 14.25, 14, 14.5], "rotation": 180, "texture": "#0"},
				"down": {"uv": [13.75, 14.25, 14, 14.5], "rotation": 180, "texture": "#0"}
			}
		},
		{
			"from": [4.52028, 1, 6.72739],
			"to": [5.52028, 1.5, 7.72739],
			"rotation": {"angle": -45, "axis": "y", "origin": [8.02028, 1.25, 4.72739]},
			"faces": {
				"north": {"uv": [13.5, 14.25, 13.75, 14.5], "texture": "#0"},
				"east": {"uv": [13.5, 14.25, 13.75, 14.5], "texture": "#0"},
				"south": {"uv": [13.5, 14.25, 13.75, 14.5], "texture": "#0"},
				"west": {"uv": [13.5, 14.25, 13.75, 14.5], "texture": "#0"},
				"up": {"uv": [13.5, 14.25, 13.75, 14.5], "rotation": 180, "texture": "#0"},
				"down": {"uv": [13.5, 14.25, 13.75, 14.5], "rotation": 180, "texture": "#0"}
			}
		},
		{
			"from": [4.52028, 1, 7.72739],
			"to": [5.52028, 1.5, 8.72739],
			"rotation": {"angle": -45, "axis": "y", "origin": [8.02028, 1.25, 4.72739]},
			"faces": {
				"north": {"uv": [13.5, 14.5, 13.75, 14.75], "texture": "#0"},
				"east": {"uv": [13.5, 14.5, 13.75, 14.75], "texture": "#0"},
				"south": {"uv": [13.5, 14.5, 13.75, 14.75], "texture": "#0"},
				"west": {"uv": [13.5, 14.5, 13.75, 14.75], "texture": "#0"},
				"up": {"uv": [13.5, 14.5, 13.75, 14.75], "rotation": 180, "texture": "#0"},
				"down": {"uv": [13.5, 14.5, 13.75, 14.75], "rotation": 180, "texture": "#0"}
			}
		},
		{
			"from": [3.52028, 1, 7.72739],
			"to": [4.52028, 1.5, 8.72739],
			"rotation": {"angle": -45, "axis": "y", "origin": [8.02028, 1.25, 4.72739]},
			"faces": {
				"north": {"uv": [13.25, 14.5, 13.5, 14.75], "texture": "#0"},
				"east": {"uv": [13.25, 14.5, 13.5, 14.75], "texture": "#0"},
				"south": {"uv": [13.25, 14.5, 13.5, 14.75], "texture": "#0"},
				"west": {"uv": [13.25, 14.5, 13.5, 14.75], "texture": "#0"},
				"up": {"uv": [13.25, 14.5, 13.5, 14.75], "rotation": 180, "texture": "#0"},
				"down": {"uv": [13.25, 14.5, 13.5, 14.75], "rotation": 180, "texture": "#0"}
			}
		},
		{
			"from": [3.52028, 1, 8.72739],
			"to": [4.52028, 1.5, 9.72739],
			"rotation": {"angle": -45, "axis": "y", "origin": [8.02028, 1.25, 4.72739]},
			"faces": {
				"north": {"uv": [13.25, 14.75, 13.5, 15], "texture": "#0"},
				"east": {"uv": [13.25, 14.75, 13.5, 15], "texture": "#0"},
				"south": {"uv": [13.25, 14.75, 13.5, 15], "texture": "#0"},
				"west": {"uv": [13.25, 14.75, 13.5, 15], "texture": "#0"},
				"up": {"uv": [13.25, 14.75, 13.5, 15], "rotation": 180, "texture": "#0"},
				"down": {"uv": [13.25, 14.75, 13.5, 15], "rotation": 180, "texture": "#0"}
			}
		},
		{
			"from": [4.52028, 1, 6.72739],
			"to": [5.52028, 1.5, 7.72739],
			"rotation": {"angle": -45, "axis": "y", "origin": [8.02028, 1.25, 4.72739]},
			"faces": {
				"north": {"uv": [13, 14.75, 13.25, 15], "texture": "#0"},
				"east": {"uv": [13, 14.75, 13.25, 15], "texture": "#0"},
				"south": {"uv": [13, 14.75, 13.25, 15], "texture": "#0"},
				"west": {"uv": [13, 14.75, 13.25, 15], "texture": "#0"},
				"up": {"uv": [13, 14.75, 13.25, 15], "rotation": 180, "texture": "#0"},
				"down": {"uv": [13, 14.75, 13.25, 15], "rotation": 180, "texture": "#0"}
			}
		},
		{
			"from": [3.52028, 1, 6.72739],
			"to": [4.52028, 1.5, 7.72739],
			"rotation": {"angle": -45, "axis": "y", "origin": [8.02028, 1.25, 4.72739]},
			"faces": {
				"north": {"uv": [12.75, 14.75, 13, 15], "texture": "#0"},
				"east": {"uv": [12.75, 14.75, 13, 15], "texture": "#0"},
				"south": {"uv": [12.75, 14.75, 13, 15], "texture": "#0"},
				"west": {"uv": [12.75, 14.75, 13, 15], "texture": "#0"},
				"up": {"uv": [12.75, 14.75, 13, 15], "rotation": 180, "texture": "#0"},
				"down": {"uv": [12.75, 14.75, 13, 15], "rotation": 180, "texture": "#0"}
			}
		},
		{
			"from": [5.52028, 1, 7.72739],
			"to": [6.52028, 1.5, 8.72739],
			"rotation": {"angle": -45, "axis": "y", "origin": [8.02028, 1.25, 4.72739]},
			"faces": {
				"north": {"uv": [13.25, 15, 13.5, 15.25], "texture": "#0"},
				"east": {"uv": [13.25, 15, 13.5, 15.25], "texture": "#0"},
				"south": {"uv": [13.25, 15, 13.5, 15.25], "texture": "#0"},
				"west": {"uv": [13.25, 15, 13.5, 15.25], "texture": "#0"},
				"up": {"uv": [13.25, 15, 13.5, 15.25], "rotation": 180, "texture": "#0"},
				"down": {"uv": [13.25, 15, 13.5, 15.25], "rotation": 180, "texture": "#0"}
			}
		},
		{
			"from": [4.52028, 1, 7.72739],
			"to": [5.52028, 1.5, 8.72739],
			"rotation": {"angle": -45, "axis": "y", "origin": [8.02028, 1.25, 4.72739]},
			"faces": {
				"north": {"uv": [13, 15, 13.25, 15.25], "texture": "#0"},
				"east": {"uv": [13, 15, 13.25, 15.25], "texture": "#0"},
				"south": {"uv": [13, 15, 13.25, 15.25], "texture": "#0"},
				"west": {"uv": [13, 15, 13.25, 15.25], "texture": "#0"},
				"up": {"uv": [13, 15, 13.25, 15.25], "rotation": 180, "texture": "#0"},
				"down": {"uv": [13, 15, 13.25, 15.25], "rotation": 180, "texture": "#0"}
			}
		},
		{
			"from": [3.52028, 1, 7.72739],
			"to": [4.52028, 1.5, 8.72739],
			"rotation": {"angle": -45, "axis": "y", "origin": [8.02028, 1.25, 4.72739]},
			"faces": {
				"north": {"uv": [12.75, 15, 13, 15.25], "texture": "#0"},
				"east": {"uv": [12.75, 15, 13, 15.25], "texture": "#0"},
				"south": {"uv": [12.75, 15, 13, 15.25], "texture": "#0"},
				"west": {"uv": [12.75, 15, 13, 15.25], "texture": "#0"},
				"up": {"uv": [12.75, 15, 13, 15.25], "rotation": 180, "texture": "#0"},
				"down": {"uv": [12.75, 15, 13, 15.25], "rotation": 180, "texture": "#0"}
			}
		},
		{
			"from": [2.52028, 1, 7.72739],
			"to": [3.52028, 1.5, 8.72739],
			"rotation": {"angle": -45, "axis": "y", "origin": [8.02028, 1.25, 4.72739]},
			"faces": {
				"north": {"uv": [12.5, 15, 12.75, 15.25], "texture": "#0"},
				"east": {"uv": [12.5, 15, 12.75, 15.25], "texture": "#0"},
				"south": {"uv": [12.5, 15, 12.75, 15.25], "texture": "#0"},
				"west": {"uv": [12.5, 15, 12.75, 15.25], "texture": "#0"},
				"up": {"uv": [12.5, 15, 12.75, 15.25], "rotation": 180, "texture": "#0"},
				"down": {"uv": [12.5, 15, 12.75, 15.25], "rotation": 180, "texture": "#0"}
			}
		},
		{
			"from": [2.52028, 1, 8.72739],
			"to": [3.52028, 1.5, 9.72739],
			"rotation": {"angle": -45, "axis": "y", "origin": [8.02028, 1.25, 4.72739]},
			"faces": {
				"north": {"uv": [12.5, 15.25, 12.75, 15.5], "texture": "#0"},
				"east": {"uv": [12.5, 15.25, 12.75, 15.5], "texture": "#0"},
				"south": {"uv": [12.5, 15.25, 12.75, 15.5], "texture": "#0"},
				"west": {"uv": [12.5, 15.25, 12.75, 15.5], "texture": "#0"},
				"up": {"uv": [12.5, 15.25, 12.75, 15.5], "rotation": 180, "texture": "#0"},
				"down": {"uv": [12.5, 15.25, 12.75, 15.5], "rotation": 180, "texture": "#0"}
			}
		},
		{
			"from": [3.52028, 1, 8.72739],
			"to": [4.52028, 1.5, 9.72739],
			"rotation": {"angle": -45, "axis": "y", "origin": [8.02028, 1.25, 4.72739]},
			"faces": {
				"north": {"uv": [12.75, 15.25, 13, 15.5], "texture": "#0"},
				"east": {"uv": [12.75, 15.25, 13, 15.5], "texture": "#0"},
				"south": {"uv": [12.75, 15.25, 13, 15.5], "texture": "#0"},
				"west": {"uv": [12.75, 15.25, 13, 15.5], "texture": "#0"},
				"up": {"uv": [12.75, 15.25, 13, 15.5], "rotation": 180, "texture": "#0"},
				"down": {"uv": [12.75, 15.25, 13, 15.5], "rotation": 180, "texture": "#0"}
			}
		},
		{
			"from": [4.52028, 1, 8.72739],
			"to": [5.52028, 1.5, 9.72739],
			"rotation": {"angle": -45, "axis": "y", "origin": [8.02028, 1.25, 4.72739]},
			"faces": {
				"north": {"uv": [13, 15.25, 13.25, 15.5], "texture": "#0"},
				"east": {"uv": [13, 15.25, 13.25, 15.5], "texture": "#0"},
				"south": {"uv": [13, 15.25, 13.25, 15.5], "texture": "#0"},
				"west": {"uv": [13, 15.25, 13.25, 15.5], "texture": "#0"},
				"up": {"uv": [13, 15.25, 13.25, 15.5], "rotation": 180, "texture": "#0"},
				"down": {"uv": [13, 15.25, 13.25, 15.5], "rotation": 180, "texture": "#0"}
			}
		},
		{
			"from": [3.52028, 1, 9.72739],
			"to": [4.52028, 1.5, 10.72739],
			"rotation": {"angle": -45, "axis": "y", "origin": [8.02028, 1.25, 4.72739]},
			"faces": {
				"north": {"uv": [12.75, 15.5, 13, 15.75], "texture": "#0"},
				"east": {"uv": [12.75, 15.5, 13, 15.75], "texture": "#0"},
				"south": {"uv": [12.75, 15.5, 13, 15.75], "texture": "#0"},
				"west": {"uv": [12.75, 15.5, 13, 15.75], "texture": "#0"},
				"up": {"uv": [12.75, 15.5, 13, 15.75], "rotation": 180, "texture": "#0"},
				"down": {"uv": [12.75, 15.5, 13, 15.75], "rotation": 180, "texture": "#0"}
			}
		},
		{
			"from": [9.52028, 1, 2.72739],
			"to": [10.52028, 1.5, 3.72739],
			"rotation": {"angle": -45, "axis": "y", "origin": [8.02028, 1.25, 4.72739]},
			"faces": {
				"north": {"uv": [14.75, 13.25, 15, 13.5], "texture": "#0"},
				"east": {"uv": [14.75, 13.25, 15, 13.5], "texture": "#0"},
				"south": {"uv": [14.75, 13.25, 15, 13.5], "texture": "#0"},
				"west": {"uv": [14.75, 13.25, 15, 13.5], "texture": "#0"},
				"up": {"uv": [14.75, 13.25, 15, 13.5], "rotation": 180, "texture": "#0"},
				"down": {"uv": [14.75, 13.25, 15, 13.5], "rotation": 180, "texture": "#0"}
			}
		},
		{
			"from": [8.52028, 1, 2.72739],
			"to": [9.52028, 1.5, 3.72739],
			"rotation": {"angle": -45, "axis": "y", "origin": [8.02028, 1.25, 4.72739]},
			"faces": {
				"north": {"uv": [14.5, 13.25, 14.75, 13.5], "texture": "#0"},
				"east": {"uv": [14.5, 13.25, 14.75, 13.5], "texture": "#0"},
				"south": {"uv": [14.5, 13.25, 14.75, 13.5], "texture": "#0"},
				"west": {"uv": [14.5, 13.25, 14.75, 13.5], "texture": "#0"},
				"up": {"uv": [14.5, 13.25, 14.75, 13.5], "rotation": 180, "texture": "#0"},
				"down": {"uv": [14.5, 13.25, 14.75, 13.5], "rotation": 180, "texture": "#0"}
			}
		},
		{
			"from": [10.52028, 1, 1.72739],
			"to": [11.52028, 1.5, 2.72739],
			"rotation": {"angle": -45, "axis": "y", "origin": [8.02028, 1.25, 4.72739]},
			"faces": {
				"north": {"uv": [15, 13, 15.25, 13.25], "texture": "#0"},
				"east": {"uv": [15, 13, 15.25, 13.25], "texture": "#0"},
				"south": {"uv": [15, 13, 15.25, 13.25], "texture": "#0"},
				"west": {"uv": [15, 13, 15.25, 13.25], "texture": "#0"},
				"up": {"uv": [15, 13, 15.25, 13.25], "rotation": 180, "texture": "#0"},
				"down": {"uv": [15, 13, 15.25, 13.25], "rotation": 180, "texture": "#0"}
			}
		},
		{
			"from": [9.52028, 1, 1.72739],
			"to": [10.52028, 1.5, 2.72739],
			"rotation": {"angle": -45, "axis": "y", "origin": [8.02028, 1.25, 4.72739]},
			"faces": {
				"north": {"uv": [14.75, 13, 15, 13.25], "texture": "#0"},
				"east": {"uv": [14.75, 13, 15, 13.25], "texture": "#0"},
				"south": {"uv": [14.75, 13, 15, 13.25], "texture": "#0"},
				"west": {"uv": [14.75, 13, 15, 13.25], "texture": "#0"},
				"up": {"uv": [14.75, 13, 15, 13.25], "rotation": 180, "texture": "#0"},
				"down": {"uv": [14.75, 13, 15, 13.25], "rotation": 180, "texture": "#0"}
			}
		},
		{
			"from": [8.52028, 1, 1.72739],
			"to": [9.52028, 1.5, 2.72739],
			"rotation": {"angle": -45, "axis": "y", "origin": [8.02028, 1.25, 4.72739]},
			"faces": {
				"north": {"uv": [14.5, 13, 14.75, 13.25], "texture": "#0"},
				"east": {"uv": [14.5, 13, 14.75, 13.25], "texture": "#0"},
				"south": {"uv": [14.5, 13, 14.75, 13.25], "texture": "#0"},
				"west": {"uv": [14.5, 13, 14.75, 13.25], "texture": "#0"},
				"up": {"uv": [14.5, 13, 14.75, 13.25], "rotation": 180, "texture": "#0"},
				"down": {"uv": [14.5, 13, 14.75, 13.25], "rotation": 180, "texture": "#0"}
			}
		},
		{
			"from": [10.52028, 1, 0.72739],
			"to": [11.52028, 1.5, 1.72739],
			"rotation": {"angle": -45, "axis": "y", "origin": [8.02028, 1.25, 4.72739]},
			"faces": {
				"north": {"uv": [15, 12.75, 15.25, 13], "texture": "#0"},
				"east": {"uv": [15, 12.75, 15.25, 13], "texture": "#0"},
				"south": {"uv": [15, 12.75, 15.25, 13], "texture": "#0"},
				"west": {"uv": [15, 12.75, 15.25, 13], "texture": "#0"},
				"up": {"uv": [15, 12.75, 15.25, 13], "rotation": 180, "texture": "#0"},
				"down": {"uv": [15, 12.75, 15.25, 13], "rotation": 180, "texture": "#0"}
			}
		},
		{
			"from": [9.52028, 1, 0.72739],
			"to": [10.52028, 1.5, 1.72739],
			"rotation": {"angle": -45, "axis": "y", "origin": [8.02028, 1.25, 4.72739]},
			"faces": {
				"north": {"uv": [14.75, 12.75, 15, 13], "texture": "#0"},
				"east": {"uv": [14.75, 12.75, 15, 13], "texture": "#0"},
				"south": {"uv": [14.75, 12.75, 15, 13], "texture": "#0"},
				"west": {"uv": [14.75, 12.75, 15, 13], "texture": "#0"},
				"up": {"uv": [14.75, 12.75, 15, 13], "rotation": 180, "texture": "#0"},
				"down": {"uv": [14.75, 12.75, 15, 13], "rotation": 180, "texture": "#0"}
			}
		},
		{
			"from": [8.52028, 1, 0.72739],
			"to": [9.52028, 1.5, 1.72739],
			"rotation": {"angle": -45, "axis": "y", "origin": [8.02028, 1.25, 4.72739]},
			"faces": {
				"north": {"uv": [14.5, 12.75, 14.75, 13], "texture": "#0"},
				"east": {"uv": [14.5, 12.75, 14.75, 13], "texture": "#0"},
				"south": {"uv": [14.5, 12.75, 14.75, 13], "texture": "#0"},
				"west": {"uv": [14.5, 12.75, 14.75, 13], "texture": "#0"},
				"up": {"uv": [14.5, 12.75, 14.75, 13], "rotation": 180, "texture": "#0"},
				"down": {"uv": [14.5, 12.75, 14.75, 13], "rotation": 180, "texture": "#0"}
			}
		},
		{
			"from": [11.52028, 1, -0.27261],
			"to": [12.52028, 1.5, 0.72739],
			"rotation": {"angle": -45, "axis": "y", "origin": [8.02028, 1.25, 4.72739]},
			"faces": {
				"north": {"uv": [15.25, 12.5, 15.5, 12.75], "texture": "#0"},
				"east": {"uv": [15.25, 12.5, 15.5, 12.75], "texture": "#0"},
				"south": {"uv": [15.25, 12.5, 15.5, 12.75], "texture": "#0"},
				"west": {"uv": [15.25, 12.5, 15.5, 12.75], "texture": "#0"},
				"up": {"uv": [15.25, 12.5, 15.5, 12.75], "rotation": 180, "texture": "#0"},
				"down": {"uv": [15.25, 12.5, 15.5, 12.75], "rotation": 180, "texture": "#0"}
			}
		},
		{
			"from": [10.52028, 1, -0.27261],
			"to": [11.52028, 1.5, 0.72739],
			"rotation": {"angle": -45, "axis": "y", "origin": [8.02028, 1.25, 4.72739]},
			"faces": {
				"north": {"uv": [15, 12.5, 15.25, 12.75], "texture": "#0"},
				"east": {"uv": [15, 12.5, 15.25, 12.75], "texture": "#0"},
				"south": {"uv": [15, 12.5, 15.25, 12.75], "texture": "#0"},
				"west": {"uv": [15, 12.5, 15.25, 12.75], "texture": "#0"},
				"up": {"uv": [15, 12.5, 15.25, 12.75], "rotation": 180, "texture": "#0"},
				"down": {"uv": [15, 12.5, 15.25, 12.75], "rotation": 180, "texture": "#0"}
			}
		}
	],
	"display": {
		"thirdperson_righthand": {
			"rotation": [70, 0, 0],
			"translation": [0, 1.25, 1],
			"scale": [0.75, 0.75, 0.75]
		},
		"thirdperson_lefthand": {
			"rotation": [70, 0, 0],
			"translation": [0, 1.25, 1],
			"scale": [0.75, 0.75, 0.75]
		},
		"firstperson_righthand": {
			"rotation": [-180, 60, -180],
			"translation": [13.75, 2, -14.25]
		},
		"firstperson_lefthand": {
			"rotation": [-180, 60, -180],
			"translation": [13.75, 2, -14.25]
		},
		"ground": {
			"translation": [0, 3, 0],
			"scale": [0.5, 0.5, 0.5]
		},
		"gui": {
			"rotation": [30, 225, 0],
			"scale": [0.625, 0.625, 0.625]
		},
		"head": {
			"translation": [0, 14.5, 0]
		},
		"fixed": {
			"translation": [0, 0, -1]
		}
	},
	"groups": [
		0,
		1,
		2,
		3,
		4,
		5,
		6,
		7,
		8,
		9,
		10,
		11,
		12,
		13,
		14,
		{
			"name": "group",
			"origin": [6.5, 0.25, 2.5],
			"color": 0,
			"nbt": "{}",
			"children": [15, 16, 17, 18, 19, 20, 21, 22, 23, 24, 25, 26, 27, 28, 29, 30, 31, 32, 33, 34, 35, 36, 37, 38, 39, 40, 41, 42, 43, 44, 45, 46, 47, 48, 49, 50, 51, 52]
		}
	]
}