{
	"credit": "Made by FlatTire with Blockbench",
	"texture_size": [32, 32],
	"textures": {
		"1": "tiretown:block/plushie/snowgolemplushie"
	},
	"elements": [
		{
			"from": [6, 3, 6],
			"to": [10, 5, 10],
			"faces": {
				"north": {"uv": [10, 12, 12, 13], "texture": "#1"},
				"east": {"uv": [8, 12, 10, 13], "texture": "#1"},
				"south": {"uv": [14, 12, 16, 13], "texture": "#1"},
				"west": {"uv": [12, 12, 14, 13], "texture": "#1"},
				"up": {"uv": [12, 12, 10, 10], "texture": "#1"},
				"down": {"uv": [14, 10, 12, 12], "texture": "#1"}
			}
		},
		{
			"from": [5.5, 0, 5.5],
			"to": [10.5, 3, 10.5],
			"faces": {
				"north": {"uv": [2.5, 10.5, 5, 12], "texture": "#1"},
				"east": {"uv": [0, 10.5, 2.5, 12], "texture": "#1"},
				"south": {"uv": [7.5, 10.5, 10, 12], "texture": "#1"},
				"west": {"uv": [5, 10.5, 7.5, 12], "texture": "#1"},
				"up": {"uv": [5, 10.5, 2.5, 8], "texture": "#1"},
				"down": {"uv": [7.5, 8, 5, 10.5], "texture": "#1"}
			}
		},
		{
			"from": [4.6, 5, 4.6],
			"to": [11.4, 11.8, 11.4],
			"faces": {
				"north": {"uv": [4, 4, 8, 8], "texture": "#1"},
				"east": {"uv": [0, 4, 4, 8], "texture": "#1"},
				"south": {"uv": [12, 4, 16, 8], "texture": "#1"},
				"west": {"uv": [8, 4, 12, 8], "texture": "#1"},
				"up": {"uv": [8, 4, 4, 0], "texture": "#1"},
				"down": {"uv": [12, 0, 8, 4], "texture": "#1"}
			}
		},
		{
			"from": [5.65, 0.5, 7.5],
			"to": [6.65, 4.5, 8.5],
			"rotation": {"angle": -45, "axis": "z", "origin": [6, 4.5, 8]},
			"faces": {
				"north": {"uv": [12.5, 1, 13, 3], "texture": "#1"},
				"east": {"uv": [12, 1, 12.5, 3], "texture": "#1"},
				"south": {"uv": [13.5, 1, 14, 3], "texture": "#1"},
				"west": {"uv": [13, 1, 13.5, 3], "texture": "#1"},
				"up": {"uv": [13, 0.5, 12.5, 0], "texture": "#1"},
				"down": {"uv": [13.5, 0, 13, 0.5], "texture": "#1"}
			}
		},
		{
			"from": [9.35, 0.5, 7.5],
			"to": [10.35, 4.5, 8.5],
			"rotation": {"angle": 45, "axis": "z", "origin": [10, 4.5, 8]},
			"faces": {
				"north": {"uv": [0.5, 1, 1, 3], "texture": "#1"},
				"east": {"uv": [0, 1, 0.5, 3], "texture": "#1"},
				"south": {"uv": [1.5, 1, 2, 3], "texture": "#1"},
				"west": {"uv": [1, 1, 1.5, 3], "texture": "#1"},
				"up": {"uv": [1, 0.5, 0.5, 0], "texture": "#1"},
				"down": {"uv": [1.5, 0, 1, 0.5], "texture": "#1"}
			}
		},
		{
			"from": [7.5, 3.5, 5.75],
			"to": [8.5, 4.5, 6.75],
			"faces": {
				"north": {"uv": [0.5, 8.5, 1, 9], "texture": "#1"},
				"east": {"uv": [0, 8.5, 0.5, 9], "texture": "#1"},
				"south": {"uv": [1.5, 8.5, 2, 9], "texture": "#1"},
				"west": {"uv": [1, 8.5, 1.5, 9], "texture": "#1"},
				"up": {"uv": [1, 8.5, 0.5, 8], "texture": "#1"},
				"down": {"uv": [1.5, 8, 1, 8.5], "texture": "#1"}
			}
		},
		{
			"from": [7.5, 1, 5.25],
			"to": [8.5, 2, 6.25],
			"faces": {
				"north": {"uv": [2, 3, 2.5, 3.5], "texture": "#1"},
				"east": {"uv": [1.5, 3, 2, 3.5], "texture": "#1"},
				"south": {"uv": [3, 3, 3.5, 3.5], "texture": "#1"},
				"west": {"uv": [2.5, 3, 3, 3.5], "texture": "#1"},
				"up": {"uv": [2.5, 3, 2, 2.5], "texture": "#1"},
				"down": {"uv": [3, 2.5, 2.5, 3], "texture": "#1"}
			}
		}
	],
	"display": {
		"thirdperson_righthand": {
			"rotation": [45, 0, 0],
			"translation": [0, 3.25, 0.25],
			"scale": [0.75, 0.75, 0.75]
		},
		"thirdperson_lefthand": {
			"rotation": [45, 0, 0],
			"translation": [0, 3.25, 0.25],
			"scale": [0.75, 0.75, 0.75]
		},
		"firstperson_righthand": {
			"rotation": [-180, 60, -180],
			"translation": [13.75, 2, -14.25]
		},
		"firstperson_lefthand": {
			"rotation": [-180, 60, -180],
			"translation": [13.75, 2, -14.25]
		},
		"ground": {
			"translation": [0, 3, 0],
			"scale": [0.5, 0.5, 0.5]
		},
		"gui": {
			"rotation": [30, 225, 0],
			"scale": [0.625, 0.625, 0.625]
		},
		"head": {
			"translation": [0, 14.5, 0]
		},
		"fixed": {
			"translation": [0, 0, -1]
		}
	}
}