{
	"credit": "Made by Tackish with Blockbench",
	"texture_size": [64, 64],
	"textures": {
		"0": "tiretown:block/plushie/plushietemplate",
		"particle": "tiretown:block/plushie/plushietemplate"
	},
	"elements": [
		{
			"from": [5, 6, 5],
			"to": [11, 12, 11],
			"rotation": {"angle": 0, "axis": "x", "origin": [8, 5.25, 10]},
			"faces": {
				"north": {"uv": [1.5, 4.5, 3, 6], "texture": "#0"},
				"east": {"uv": [0, 4.5, 1.5, 6], "texture": "#0"},
				"south": {"uv": [4.5, 4.5, 6, 6], "texture": "#0"},
				"west": {"uv": [3, 4.5, 4.5, 6], "texture": "#0"},
				"up": {"uv": [3, 4.5, 1.5, 3], "texture": "#0"},
				"down": {"uv": [4.5, 3, 3, 4.5], "texture": "#0"}
			}
		},
		{
			"from": [6, 1, 7],
			"to": [10, 6, 9],
			"rotation": {"angle": 0, "axis": "x", "origin": [8, 1.25, 8]},
			"faces": {
				"north": {"uv": [7, 7, 8, 8.25], "texture": "#0"},
				"east": {"uv": [6.5, 7, 7, 8.25], "texture": "#0"},
				"south": {"uv": [8.5, 7, 9.5, 8.25], "texture": "#0"},
				"west": {"uv": [8, 7, 8.5, 8.25], "texture": "#0"},
				"up": {"uv": [8, 7, 7, 6.5], "texture": "#0"},
				"down": {"uv": [9, 6.5, 8, 7], "texture": "#0"}
			}
		},
		{
			"from": [9.5, 3.77583, 2.84568],
			"to": [10.5, 5.77583, 7.84568],
			"rotation": {"angle": -22.5, "axis": "y", "origin": [8, 4.25, 9]},
			"faces": {
				"north": {"uv": [9.25, 1.75, 9, 2.25], "rotation": 180, "texture": "#0"},
				"east": {"uv": [8.25, 2.25, 8.75, 3.5], "rotation": 270, "texture": "#0"},
				"south": {"uv": [9, 2.25, 8.75, 1.75], "texture": "#0"},
				"west": {"uv": [9, 2.25, 9.5, 3.5], "rotation": 90, "texture": "#0"},
				"up": {"uv": [8.75, 2.25, 9, 3.5], "rotation": 180, "texture": "#0"},
				"down": {"uv": [9.5, 2.25, 9.75, 3.5], "texture": "#0"}
			}
		},
		{
			"from": [5.5, 3.77583, 2.84568],
			"to": [6.5, 5.77583, 7.84568],
			"rotation": {"angle": 22.5, "axis": "y", "origin": [8, 4.25, 9]},
			"faces": {
				"north": {"uv": [1, 7.75, 0.75, 8.25], "rotation": 180, "texture": "#0"},
				"east": {"uv": [0, 8.25, 0.5, 9.5], "rotation": 270, "texture": "#0"},
				"south": {"uv": [0.75, 8.25, 0.5, 7.75], "texture": "#0"},
				"west": {"uv": [0.75, 8.25, 1.25, 9.5], "rotation": 90, "texture": "#0"},
				"up": {"uv": [0.5, 8.25, 0.75, 9.5], "rotation": 180, "texture": "#0"},
				"down": {"uv": [1.25, 8.25, 1.5, 9.5], "texture": "#0"}
			}
		},
		{
			"from": [6.25, 0, 2.75],
			"to": [8.25, 2, 7.75],
			"rotation": {"angle": 22.5, "axis": "y", "origin": [7, 0, 7.75]},
			"faces": {
				"north": {"uv": [1.25, 7.25, 1.75, 7.75], "texture": "#0"},
				"east": {"uv": [0, 7.25, 1.25, 7.75], "texture": "#0"},
				"south": {"uv": [3, 7.25, 3.5, 7.75], "texture": "#0"},
				"west": {"uv": [1.75, 7.25, 3, 7.75], "texture": "#0"},
				"up": {"uv": [1.75, 7.25, 1.25, 6], "texture": "#0"},
				"down": {"uv": [2.25, 6, 1.75, 7.25], "texture": "#0"}
			}
		},
		{
			"from": [7.75, 0, 2.75],
			"to": [9.75, 2, 7.75],
			"rotation": {"angle": -22.5, "axis": "y", "origin": [9, 0, 7.75]},
			"faces": {
				"north": {"uv": [6, 3, 6.5, 3.5], "texture": "#0"},
				"east": {"uv": [4.75, 3, 6, 3.5], "texture": "#0"},
				"south": {"uv": [7.75, 3, 8.25, 3.5], "texture": "#0"},
				"west": {"uv": [6.5, 3, 7.75, 3.5], "texture": "#0"},
				"up": {"uv": [6.5, 3, 6, 1.75], "texture": "#0"},
				"down": {"uv": [7, 1.75, 6.5, 3], "texture": "#0"}
			}
		}
	],
	"display": {
		"thirdperson_righthand": {
			"rotation": [70, 0, 0],
			"translation": [0, 1.25, 1],
			"scale": [0.75, 0.75, 0.75]
		},
		"thirdperson_lefthand": {
			"rotation": [70, 0, 0],
			"translation": [0, 1.25, 1],
			"scale": [0.75, 0.75, 0.75]
		},
		"firstperson_righthand": {
			"rotation": [-180, 60, -180],
			"translation": [13.75, 2, -14.25]
		},
		"firstperson_lefthand": {
			"rotation": [-180, 60, -180],
			"translation": [13.75, 2, -14.25]
		},
		"ground": {
			"translation": [0, 3, 0],
			"scale": [0.5, 0.5, 0.5]
		},
		"gui": {
			"rotation": [30, 225, 0],
			"scale": [0.625, 0.625, 0.625]
		},
		"head": {
			"translation": [0, 14.5, 0]
		},
		"fixed": {
			"translation": [0, 0, -1]
		}
	}
}