{
	"credit": "Made by Tackish and FlatTire with Blockbench",
	"texture_size": [32, 32],
	"textures": {
		"0": "vsmp:block/plushie/sheepplushie/cyansheepplushie",
		"particle": "vsmp:block/plushie/sheepplushie/cyansheepplushie"
	},
	"elements": [
		{
			"from": [5, 4.19337, 5.31997],
			"to": [11, 10.19337, 11.31997],
			"rotation": {"angle": -22.5, "axis": "z", "origin": [8, 5.78143, 7.76131]},
			"faces": {
				"north": {"uv": [3, 3, 6, 6], "texture": "#0"},
				"east": {"uv": [0, 3, 3, 6], "texture": "#0"},
				"south": {"uv": [9, 3, 12, 6], "texture": "#0"},
				"west": {"uv": [6, 3, 9, 6], "texture": "#0"},
				"up": {"uv": [6, 3, 3, 0], "texture": "#0"},
				"down": {"uv": [9, 0, 6, 3], "texture": "#0"}
			}
		},
		{
			"from": [5.5, 4.69337, 4.81997],
			"to": [10.5, 9.69337, 9.81997],
			"rotation": {"angle": -22.5, "axis": "z", "origin": [8, 5.78143, 7.76131]},
			"faces": {
				"north": {"uv": [2.5, 8.5, 5, 11], "texture": "#0"},
				"east": {"uv": [0, 8.5, 2.5, 11], "texture": "#0"},
				"south": {"uv": [7.5, 8.5, 10, 11], "texture": "#0"},
				"west": {"uv": [5, 8.5, 7.5, 11], "texture": "#0"},
				"up": {"uv": [5, 8.5, 2.5, 6], "texture": "#0"},
				"down": {"uv": [7.5, 6, 5, 8.5], "texture": "#0"}
			}
		},
		{
			"from": [6, 0, 7.5],
			"to": [10, 4.25, 10.5],
			"rotation": {"angle": -22.5, "axis": "x", "origin": [8, 1.5, 8]},
			"faces": {
				"north": {"uv": [10, 11, 12, 13], "texture": "#0"},
				"east": {"uv": [8.5, 11, 10, 13], "texture": "#0"},
				"south": {"uv": [13.5, 11, 15.5, 13], "texture": "#0"},
				"west": {"uv": [12, 11, 13.5, 13], "texture": "#0"},
				"up": {"uv": [12, 11, 10, 9.5], "texture": "#0"},
				"down": {"uv": [14, 9.5, 12, 11], "texture": "#0"}
			}
		},
		{
			"from": [9, 4.15083, 2.97068],
			"to": [10.5, 6.15083, 7.97068],
			"rotation": {"angle": -45, "axis": "x", "origin": [8, 4.5, 9]},
			"faces": {
				"north": {"uv": [12.5, 6, 12, 7], "rotation": 180, "texture": "#0"},
				"east": {"uv": [15, 6, 12.5, 7], "texture": "#0"},
				"south": {"uv": [15.5, 6, 15, 7], "texture": "#0"},
				"west": {"uv": [12, 6, 9.5, 7], "texture": "#0"},
				"up": {"uv": [12, 6, 12.5, 3.5], "texture": "#0"},
				"down": {"uv": [12.5, 3.5, 13, 6], "texture": "#0"}
			}
		},
		{
			"from": [5.5, 4.15083, 2.97068],
			"to": [7, 6.15083, 7.97068],
			"rotation": {"angle": -45, "axis": "x", "origin": [8, 4.5, 9]},
			"faces": {
				"north": {"uv": [12, 6, 12.5, 7], "rotation": 180, "texture": "#0"},
				"east": {"uv": [9.5, 6, 12, 7], "texture": "#0"},
				"south": {"uv": [15, 6, 15.5, 7], "texture": "#0"},
				"west": {"uv": [12.5, 6, 15, 7], "texture": "#0"},
				"up": {"uv": [12.5, 6, 12, 3.5], "texture": "#0"},
				"down": {"uv": [13, 3.5, 12.5, 6], "texture": "#0"}
			}
		},
		{
			"from": [4.975, 0, 3.75],
			"to": [6.475, 2, 7.75],
			"rotation": {"angle": 45, "axis": "y", "origin": [7, 0.25, 7.75]},
			"faces": {
				"north": {"uv": [11.5, 2, 11, 3], "texture": "#0"},
				"east": {"uv": [13.5, 2, 11.5, 3], "texture": "#0"},
				"south": {"uv": [14, 2, 13.5, 3], "texture": "#0"},
				"west": {"uv": [11, 2, 9, 3], "texture": "#0"},
				"up": {"uv": [11, 2, 11.5, 0], "texture": "#0"},
				"down": {"uv": [11.5, 0, 12, 2], "texture": "#0"}
			}
		},
		{
			"from": [9.525, 0, 3.75],
			"to": [11.025, 2, 7.75],
			"rotation": {"angle": -45, "axis": "y", "origin": [9, 0.25, 7.75]},
			"faces": {
				"north": {"uv": [11, 2, 11.5, 3], "texture": "#0"},
				"east": {"uv": [9, 2, 11, 3], "texture": "#0"},
				"south": {"uv": [13.5, 2, 14, 3], "texture": "#0"},
				"west": {"uv": [11.5, 2, 13.5, 3], "texture": "#0"},
				"up": {"uv": [11.5, 2, 11, 0], "texture": "#0"},
				"down": {"uv": [12, 0, 11.5, 2], "texture": "#0"}
			}
		}
	],
	"display": {
		"thirdperson_righthand": {
			"rotation": [60, 0, 0],
			"translation": [0, 2, 1.5],
			"scale": [0.75, 0.75, 0.75]
		},
		"thirdperson_lefthand": {
			"rotation": [60, 0, 0],
			"translation": [0, 2, 1.5],
			"scale": [0.75, 0.75, 0.75]
		},
		"firstperson_righthand": {
			"rotation": [-180, 60, -180],
			"translation": [13.75, 2, -14.25]
		},
		"firstperson_lefthand": {
			"rotation": [-180, 60, -180],
			"translation": [13.75, 2, -14.25]
		},
		"ground": {
			"translation": [0, 3, 0],
			"scale": [0.5, 0.5, 0.5]
		},
		"gui": {
			"rotation": [30, 225, 0],
			"scale": [0.625, 0.625, 0.625]
		},
		"head": {
			"translation": [0, 14.5, 0]
		},
		"fixed": {
			"translation": [0, 0, -1]
		}
	}
}