{
	"credit": "Made by FlatTire with Blockbench",
	"texture_size": [32, 32],
	"textures": {
		"0": "vsmp:block/piglinbruteplushie",
		"particle": "vsmp:block/piglinbruteplushie"
	},
	"elements": [
		{
			"from": [4.38791, 5.82716, 5],
			"to": [11.38791, 10.82716, 11],
			"rotation": {"angle": 22.5, "axis": "x", "origin": [7.88791, 7.46142, 6.5]},
			"faces": {
				"north": {"uv": [3, 3, 6.5, 5.5], "texture": "#0"},
				"east": {"uv": [0, 3, 3, 5.5], "texture": "#0"},
				"south": {"uv": [9.5, 3, 13, 5.5], "texture": "#0"},
				"west": {"uv": [6.5, 3, 9.5, 5.5], "texture": "#0"},
				"up": {"uv": [6.5, 3, 3, 0], "texture": "#0"},
				"down": {"uv": [10, 0, 6.5, 3], "texture": "#0"}
			}
		},
		{
			"from": [6, 1, 6.75],
			"to": [10, 6, 9.25],
			"rotation": {"angle": 0, "axis": "x", "origin": [8, 1.25, 8]},
			"faces": {
				"north": {"uv": [1.5, 7, 3.5, 9.5], "texture": "#0"},
				"east": {"uv": [0.5, 7, 1.5, 9.5], "texture": "#0"},
				"south": {"uv": [4.5, 7, 6.5, 9.5], "texture": "#0"},
				"west": {"uv": [3.5, 7, 4.5, 9.5], "texture": "#0"},
				"up": {"uv": [3.5, 7, 1.5, 6], "texture": "#0"},
				"down": {"uv": [5.5, 6, 3.5, 7], "texture": "#0"}
			}
		},
		{
			"from": [9.8806, 3.5, 3.5159],
			"to": [10.8806, 5.5, 8.5159],
			"rotation": {"angle": -22.5, "axis": "y", "origin": [10, 4.5, 8]},
			"faces": {
				"north": {"uv": [9, 10.5, 8.5, 11.5], "rotation": 180, "texture": "#0"},
				"east": {"uv": [7, 11.5, 8, 14], "rotation": 270, "texture": "#0"},
				"south": {"uv": [8.5, 11.5, 8, 10.5], "texture": "#0"},
				"west": {"uv": [8.5, 11.5, 9.5, 14], "rotation": 90, "texture": "#0"},
				"up": {"uv": [8, 11.5, 8.5, 14], "rotation": 180, "texture": "#0"},
				"down": {"uv": [9.5, 11.5, 10, 14], "texture": "#0"}
			}
		},
		{
			"from": [6, -0.15432, 7],
			"to": [7, 4.84568, 9],
			"rotation": {"angle": -22.5, "axis": "z", "origin": [8, 6, 8.5]},
			"faces": {
				"north": {"uv": [5, 11.5, 5.5, 14], "texture": "#0"},
				"east": {"uv": [4, 11.5, 5, 14], "texture": "#0"},
				"south": {"uv": [6.5, 11.5, 7, 14], "texture": "#0"},
				"west": {"uv": [5.5, 11.5, 6.5, 14], "texture": "#0"},
				"up": {"uv": [5.5, 11.5, 5, 10.5], "texture": "#0"},
				"down": {"uv": [6, 10.5, 5.5, 11.5], "texture": "#0"}
			}
		},
		{
			"from": [6.11764, -0.65715, 6.85],
			"to": [7.26764, 5.09285, 9.15],
			"rotation": {"angle": -22.5, "axis": "z", "origin": [8.41764, 6.42032, 8.575]},
			"faces": {
				"north": {"uv": [11, 11.5, 12, 14], "texture": "#0"},
				"east": {"uv": [10, 11.5, 11, 14], "texture": "#0"},
				"south": {"uv": [13, 11.5, 14, 14], "texture": "#0"},
				"west": {"uv": [12, 11.5, 13, 14], "texture": "#0"},
				"up": {"uv": [12, 11.5, 11, 10.5], "texture": "#0"},
				"down": {"uv": [13, 10.5, 12, 11.5], "texture": "#0"}
			}
		},
		{
			"from": [6.25, 0, 2.75],
			"to": [8.25, 2, 7.75],
			"rotation": {"angle": 22.5, "axis": "y", "origin": [7, 0, 7.75]},
			"faces": {
				"north": {"uv": [11.5, 8, 12.5, 9], "texture": "#0"},
				"east": {"uv": [9, 8, 11.5, 9], "texture": "#0"},
				"south": {"uv": [15, 8, 16, 9], "texture": "#0"},
				"west": {"uv": [12.5, 8, 15, 9], "texture": "#0"},
				"up": {"uv": [12.5, 8, 11.5, 5.5], "texture": "#0"},
				"down": {"uv": [13.5, 5.5, 12.5, 8], "texture": "#0"}
			}
		},
		{
			"from": [7.75, 0, 2.75],
			"to": [9.75, 2, 7.75],
			"rotation": {"angle": -22.5, "axis": "y", "origin": [9, 0, 7.75]},
			"faces": {
				"north": {"uv": [7, 9.5, 8, 10.5], "texture": "#0"},
				"east": {"uv": [4.5, 9.5, 7, 10.5], "texture": "#0"},
				"south": {"uv": [10.5, 9.5, 11.5, 10.5], "texture": "#0"},
				"west": {"uv": [8, 9.5, 10.5, 10.5], "texture": "#0"},
				"up": {"uv": [8, 9.5, 7, 7], "texture": "#0"},
				"down": {"uv": [9, 7, 8, 9.5], "texture": "#0"}
			}
		},
		{
			"from": [3.324, 4.55769, 6.75],
			"to": [4.324, 7.55769, 9.75],
			"rotation": {"angle": -22.5, "axis": "z", "origin": [7.88791, 6.21142, 6.5]},
			"faces": {
				"north": {"uv": [2, 11, 1.5, 12.5], "texture": "#0"},
				"east": {"uv": [3.5, 11, 2, 12.5], "texture": "#0"},
				"south": {"uv": [4, 11, 3.5, 12.5], "texture": "#0"},
				"west": {"uv": [1.5, 11, 0, 12.5], "texture": "#0"},
				"up": {"uv": [1.5, 11, 2, 9.5], "texture": "#0"},
				"down": {"uv": [2, 9.5, 2.5, 11], "texture": "#0"}
			}
		},
		{
			"from": [11.42683, 4.55769, 6.75],
			"to": [12.42683, 7.55769, 9.75],
			"rotation": {"angle": 22.5, "axis": "z", "origin": [7.8879, 6.2114, 6.5]},
			"faces": {
				"north": {"uv": [1.5, 11, 2, 12.5], "texture": "#0"},
				"east": {"uv": [0, 11, 1.5, 12.5], "texture": "#0"},
				"south": {"uv": [3.5, 11, 4, 12.5], "texture": "#0"},
				"west": {"uv": [2, 11, 3.5, 12.5], "texture": "#0"},
				"up": {"uv": [2, 11, 1.5, 9.5], "texture": "#0"},
				"down": {"uv": [2.5, 9.5, 2, 11], "texture": "#0"}
			}
		},
		{
			"from": [6.38791, 6.07716, 4.5],
			"to": [9.38791, 8.07716, 5.5],
			"rotation": {"angle": 22.5, "axis": "x", "origin": [7.88791, 7.46142, 6.5]},
			"faces": {
				"north": {"uv": [6, 6, 7.5, 7], "texture": "#0"},
				"east": {"uv": [5.5, 6, 6, 7], "texture": "#0"},
				"south": {"uv": [8, 6, 9.5, 7], "texture": "#0"},
				"west": {"uv": [7.5, 6, 8, 7], "texture": "#0"},
				"up": {"uv": [7.5, 6, 6, 5.5], "texture": "#0"},
				"down": {"uv": [9, 5.5, 7.5, 6], "texture": "#0"}
			}
		},
		{
			"from": [5.38791, 6.07716, 4.5],
			"to": [6.38791, 7.07716, 5.5],
			"rotation": {"angle": 22.5, "axis": "x", "origin": [7.88791, 7.46142, 6.5]},
			"faces": {
				"north": {"uv": [0.5, 0.5, 1, 1], "texture": "#0"},
				"east": {"uv": [0, 0.5, 0.5, 1], "texture": "#0"},
				"south": {"uv": [1.5, 0.5, 2, 1], "texture": "#0"},
				"west": {"uv": [1, 0.5, 1.5, 1], "texture": "#0"},
				"up": {"uv": [1, 0.5, 0.5, 0], "texture": "#0"},
				"down": {"uv": [1.5, 0, 1, 0.5], "texture": "#0"}
			}
		},
		{
			"from": [9.38791, 6.07716, 4.5],
			"to": [10.38791, 7.07716, 5.5],
			"rotation": {"angle": 22.5, "axis": "x", "origin": [7.88791, 7.46142, 6.5]},
			"faces": {
				"north": {"uv": [1, 0.5, 0.5, 1], "texture": "#0"},
				"east": {"uv": [1.5, 0.5, 1, 1], "texture": "#0"},
				"south": {"uv": [2, 0.5, 1.5, 1], "texture": "#0"},
				"west": {"uv": [0.5, 0.5, 0, 1], "texture": "#0"},
				"up": {"uv": [0.5, 0.5, 1, 0], "texture": "#0"},
				"down": {"uv": [1, 0, 1.5, 0.5], "texture": "#0"}
			}
		},
		{
			"from": [10.8, 3.5, 5.41623],
			"to": [11.3, 4.5, 6.41623],
			"rotation": {"angle": 22.5, "axis": "x", "origin": [12.46557, 6.5, 1.91623]},
			"faces": {
				"north": {"uv": [0, 12.5, 0.5, 13], "texture": "#0"},
				"east": {"uv": [0, 12.5, 0.5, 13], "texture": "#0"},
				"south": {"uv": [0, 12.5, 0.5, 13], "texture": "#0"},
				"west": {"uv": [0, 12.5, 0.5, 13], "texture": "#0"},
				"up": {"uv": [0, 12.5, 0.5, 13], "texture": "#0"},
				"down": {"uv": [0, 12.5, 0.5, 13], "texture": "#0"}
			}
		},
		{
			"from": [10.8, 4.5, 5.41623],
			"to": [11.3, 5.5, 6.41623],
			"rotation": {"angle": 22.5, "axis": "x", "origin": [12.46557, 6.5, 1.91623]},
			"faces": {
				"north": {"uv": [0, 13, 0.5, 13.5], "texture": "#0"},
				"east": {"uv": [0, 13, 0.5, 13.5], "texture": "#0"},
				"south": {"uv": [0, 13, 0.5, 13.5], "texture": "#0"},
				"west": {"uv": [0, 13, 0.5, 13.5], "texture": "#0"},
				"up": {"uv": [0, 13, 0.5, 13.5], "texture": "#0"},
				"down": {"uv": [0, 13, 0.5, 13.5], "texture": "#0"}
			}
		},
		{
			"from": [10.8, 3.5, 4.41623],
			"to": [11.3, 4.5, 5.41623],
			"rotation": {"angle": 22.5, "axis": "x", "origin": [12.46557, 6.5, 1.91623]},
			"faces": {
				"north": {"uv": [0.5, 12.5, 1, 13], "texture": "#0"},
				"east": {"uv": [0.5, 12.5, 1, 13], "texture": "#0"},
				"south": {"uv": [0.5, 12.5, 1, 13], "texture": "#0"},
				"west": {"uv": [0.5, 12.5, 1, 13], "texture": "#0"},
				"up": {"uv": [0.5, 12.5, 1, 13], "texture": "#0"},
				"down": {"uv": [0.5, 12.5, 1, 13], "texture": "#0"}
			}
		},
		{
			"from": [10.8, 4.5, 4.41623],
			"to": [11.3, 5.5, 5.41623],
			"rotation": {"angle": 22.5, "axis": "x", "origin": [12.46557, 6.5, 1.91623]},
			"faces": {
				"north": {"uv": [0.5, 13, 1, 13.5], "texture": "#0"},
				"east": {"uv": [0.5, 13, 1, 13.5], "texture": "#0"},
				"south": {"uv": [0.5, 13, 1, 13.5], "texture": "#0"},
				"west": {"uv": [0.5, 13, 1, 13.5], "texture": "#0"},
				"up": {"uv": [0.5, 13, 1, 13.5], "texture": "#0"},
				"down": {"uv": [0.5, 13, 1, 13.5], "texture": "#0"}
			}
		},
		{
			"from": [10.8, 4.5, 3.41623],
			"to": [11.3, 5.5, 4.41623],
			"rotation": {"angle": 22.5, "axis": "x", "origin": [12.46557, 6.5, 1.91623]},
			"faces": {
				"north": {"uv": [1, 13, 1.5, 13.5], "texture": "#0"},
				"east": {"uv": [1, 13, 1.5, 13.5], "texture": "#0"},
				"south": {"uv": [1, 13, 1.5, 13.5], "texture": "#0"},
				"west": {"uv": [1, 13, 1.5, 13.5], "texture": "#0"},
				"up": {"uv": [1, 13, 1.5, 13.5], "texture": "#0"},
				"down": {"uv": [1, 13, 1.5, 13.5], "texture": "#0"}
			}
		},
		{
			"from": [10.8, 5.5, 3.41623],
			"to": [11.3, 6.5, 4.41623],
			"rotation": {"angle": 22.5, "axis": "x", "origin": [12.46557, 6.5, 1.91623]},
			"faces": {
				"north": {"uv": [1, 13.5, 1.5, 14], "texture": "#0"},
				"east": {"uv": [1, 13.5, 1.5, 14], "texture": "#0"},
				"south": {"uv": [1, 13.5, 1.5, 14], "texture": "#0"},
				"west": {"uv": [1, 13.5, 1.5, 14], "texture": "#0"},
				"up": {"uv": [1, 13.5, 1.5, 14], "texture": "#0"},
				"down": {"uv": [1, 13.5, 1.5, 14], "texture": "#0"}
			}
		},
		{
			"from": [10.8, 5.5, 4.41623],
			"to": [11.3, 6.5, 5.41623],
			"rotation": {"angle": 22.5, "axis": "x", "origin": [12.46557, 6.5, 1.91623]},
			"faces": {
				"north": {"uv": [0.5, 13.5, 1, 14], "texture": "#0"},
				"east": {"uv": [0.5, 13.5, 1, 14], "texture": "#0"},
				"south": {"uv": [0.5, 13.5, 1, 14], "texture": "#0"},
				"west": {"uv": [0.5, 13.5, 1, 14], "texture": "#0"},
				"up": {"uv": [0.5, 13.5, 1, 14], "texture": "#0"},
				"down": {"uv": [0.5, 13.5, 1, 14], "texture": "#0"}
			}
		},
		{
			"from": [10.8, 6.5, 3.41623],
			"to": [11.3, 7.5, 4.41623],
			"rotation": {"angle": 22.5, "axis": "x", "origin": [12.46557, 6.5, 1.91623]},
			"faces": {
				"north": {"uv": [1, 14, 1.5, 14.5], "texture": "#0"},
				"east": {"uv": [1, 14, 1.5, 14.5], "texture": "#0"},
				"south": {"uv": [1, 14, 1.5, 14.5], "texture": "#0"},
				"west": {"uv": [1, 14, 1.5, 14.5], "texture": "#0"},
				"up": {"uv": [1, 14, 1.5, 14.5], "texture": "#0"},
				"down": {"uv": [1, 14, 1.5, 14.5], "texture": "#0"}
			}
		},
		{
			"from": [10.8, 5.5, 2.41623],
			"to": [11.3, 6.5, 3.41623],
			"rotation": {"angle": 22.5, "axis": "x", "origin": [12.46557, 6.5, 1.91623]},
			"faces": {
				"north": {"uv": [1.5, 13.5, 2, 14], "texture": "#0"},
				"east": {"uv": [1.5, 13.5, 2, 14], "texture": "#0"},
				"south": {"uv": [1.5, 13.5, 2, 14], "texture": "#0"},
				"west": {"uv": [1.5, 13.5, 2, 14], "texture": "#0"},
				"up": {"uv": [1.5, 13.5, 2, 14], "texture": "#0"},
				"down": {"uv": [1.5, 13.5, 2, 14], "texture": "#0"}
			}
		},
		{
			"from": [10.8, 6.5, 2.41623],
			"to": [11.3, 7.5, 3.41623],
			"rotation": {"angle": 22.5, "axis": "x", "origin": [12.46557, 6.5, 1.91623]},
			"faces": {
				"north": {"uv": [1.5, 14, 2, 14.5], "texture": "#0"},
				"east": {"uv": [1.5, 14, 2, 14.5], "texture": "#0"},
				"south": {"uv": [1.5, 14, 2, 14.5], "texture": "#0"},
				"west": {"uv": [1.5, 14, 2, 14.5], "texture": "#0"},
				"up": {"uv": [1.5, 14, 2, 14.5], "texture": "#0"},
				"down": {"uv": [1.5, 14, 2, 14.5], "texture": "#0"}
			}
		},
		{
			"from": [10.8, 6.5, 1.41623],
			"to": [11.3, 7.5, 2.41623],
			"rotation": {"angle": 22.5, "axis": "x", "origin": [12.46557, 6.5, 1.91623]},
			"faces": {
				"north": {"uv": [2, 14, 2.5, 14.5], "texture": "#0"},
				"east": {"uv": [2, 14, 2.5, 14.5], "texture": "#0"},
				"south": {"uv": [2, 14, 2.5, 14.5], "texture": "#0"},
				"west": {"uv": [2, 14, 2.5, 14.5], "texture": "#0"},
				"up": {"uv": [2, 14, 2.5, 14.5], "texture": "#0"},
				"down": {"uv": [2, 14, 2.5, 14.5], "texture": "#0"}
			}
		},
		{
			"from": [10.8, 7.5, 2.41623],
			"to": [11.3, 8.5, 3.41623],
			"rotation": {"angle": 22.5, "axis": "x", "origin": [12.46557, 6.5, 1.91623]},
			"faces": {
				"north": {"uv": [1.5, 14.5, 2, 15], "texture": "#0"},
				"east": {"uv": [1.5, 14.5, 2, 15], "texture": "#0"},
				"south": {"uv": [1.5, 14.5, 2, 15], "texture": "#0"},
				"west": {"uv": [1.5, 14.5, 2, 15], "texture": "#0"},
				"up": {"uv": [1.5, 14.5, 2, 15], "texture": "#0"},
				"down": {"uv": [1.5, 14.5, 2, 15], "texture": "#0"}
			}
		},
		{
			"from": [10.8, 5.5, 1.41623],
			"to": [11.3, 6.5, 2.41623],
			"rotation": {"angle": 22.5, "axis": "x", "origin": [12.46557, 6.5, 1.91623]},
			"faces": {
				"north": {"uv": [2, 13.5, 2.5, 14], "texture": "#0"},
				"east": {"uv": [2, 13.5, 2.5, 14], "texture": "#0"},
				"south": {"uv": [2, 13.5, 2.5, 14], "texture": "#0"},
				"west": {"uv": [2, 13.5, 2.5, 14], "texture": "#0"},
				"up": {"uv": [2, 13.5, 2.5, 14], "texture": "#0"},
				"down": {"uv": [2, 13.5, 2.5, 14], "texture": "#0"}
			}
		},
		{
			"from": [10.8, 4.5, 0.41623],
			"to": [11.3, 5.5, 1.41623],
			"rotation": {"angle": 22.5, "axis": "x", "origin": [12.46557, 6.5, 1.91623]},
			"faces": {
				"north": {"uv": [2.5, 13, 3, 13.5], "texture": "#0"},
				"east": {"uv": [2.5, 13, 3, 13.5], "texture": "#0"},
				"south": {"uv": [2.5, 13, 3, 13.5], "texture": "#0"},
				"west": {"uv": [2.5, 13, 3, 13.5], "texture": "#0"},
				"up": {"uv": [2.5, 13, 3, 13.5], "texture": "#0"},
				"down": {"uv": [2.5, 13, 3, 13.5], "texture": "#0"}
			}
		},
		{
			"from": [10.8, 7.5, -2.58377],
			"to": [11.3, 8.5, -1.58377],
			"rotation": {"angle": 22.5, "axis": "x", "origin": [12.46557, 6.5, 1.91623]},
			"faces": {
				"north": {"uv": [4, 14.5, 4.5, 15], "texture": "#0"},
				"east": {"uv": [4, 14.5, 4.5, 15], "texture": "#0"},
				"south": {"uv": [4, 14.5, 4.5, 15], "texture": "#0"},
				"west": {"uv": [4, 14.5, 4.5, 15], "texture": "#0"},
				"up": {"uv": [4, 14.5, 4.5, 15], "texture": "#0"},
				"down": {"uv": [4, 14.5, 4.5, 15], "texture": "#0"}
			}
		},
		{
			"from": [10.8, 6.5, -1.58377],
			"to": [11.3, 7.5, -0.58377],
			"rotation": {"angle": 22.5, "axis": "x", "origin": [12.46557, 6.5, 1.91623]},
			"faces": {
				"north": {"uv": [4, 14, 4.5, 14.5], "texture": "#0"},
				"east": {"uv": [4, 14, 4.5, 14.5], "texture": "#0"},
				"south": {"uv": [4, 14, 4.5, 14.5], "texture": "#0"},
				"west": {"uv": [4, 14, 4.5, 14.5], "texture": "#0"},
				"up": {"uv": [4, 14, 4.5, 14.5], "texture": "#0"},
				"down": {"uv": [4, 14, 4.5, 14.5], "texture": "#0"}
			}
		},
		{
			"from": [10.8, 5.5, -0.58377],
			"to": [11.3, 6.5, 0.41623],
			"rotation": {"angle": 22.5, "axis": "x", "origin": [12.46557, 6.5, 1.91623]},
			"faces": {
				"north": {"uv": [3.5, 13.5, 4, 14], "texture": "#0"},
				"east": {"uv": [3.5, 13.5, 4, 14], "texture": "#0"},
				"south": {"uv": [3.5, 13.5, 4, 14], "texture": "#0"},
				"west": {"uv": [3.5, 13.5, 4, 14], "texture": "#0"},
				"up": {"uv": [3.5, 13.5, 4, 14], "texture": "#0"},
				"down": {"uv": [3.5, 13.5, 4, 14], "texture": "#0"}
			}
		},
		{
			"from": [10.8, 8.5, -1.58377],
			"to": [11.3, 9.5, -0.58377],
			"rotation": {"angle": 22.5, "axis": "x", "origin": [12.46557, 6.5, 1.91623]},
			"faces": {
				"north": {"uv": [3.5, 15, 4, 15.5], "texture": "#0"},
				"east": {"uv": [3.5, 15, 4, 15.5], "texture": "#0"},
				"south": {"uv": [3.5, 15, 4, 15.5], "texture": "#0"},
				"west": {"uv": [3.5, 15, 4, 15.5], "texture": "#0"},
				"up": {"uv": [3.5, 15, 4, 15.5], "texture": "#0"},
				"down": {"uv": [3.5, 15, 4, 15.5], "texture": "#0"}
			}
		},
		{
			"from": [10.8, 8.5, -0.58377],
			"to": [11.3, 9.5, 0.41623],
			"rotation": {"angle": 22.5, "axis": "x", "origin": [12.46557, 6.5, 1.91623]},
			"faces": {
				"north": {"uv": [3, 15, 3.5, 15.5], "texture": "#0"},
				"east": {"uv": [3, 15, 3.5, 15.5], "texture": "#0"},
				"south": {"uv": [3, 15, 3.5, 15.5], "texture": "#0"},
				"west": {"uv": [3, 15, 3.5, 15.5], "texture": "#0"},
				"up": {"uv": [3, 15, 3.5, 15.5], "texture": "#0"},
				"down": {"uv": [3, 15, 3.5, 15.5], "texture": "#0"}
			}
		},
		{
			"from": [10.8, 9.5, 0.41623],
			"to": [11.3, 10.5, 1.41623],
			"rotation": {"angle": 22.5, "axis": "x", "origin": [12.46557, 6.5, 1.91623]},
			"faces": {
				"north": {"uv": [2.5, 15.5, 3, 16], "texture": "#0"},
				"east": {"uv": [2.5, 15.5, 3, 16], "texture": "#0"},
				"south": {"uv": [2.5, 15.5, 3, 16], "texture": "#0"},
				"west": {"uv": [2.5, 15.5, 3, 16], "texture": "#0"},
				"up": {"uv": [2.5, 15.5, 3, 16], "texture": "#0"},
				"down": {"uv": [2.5, 15.5, 3, 16], "texture": "#0"}
			}
		},
		{
			"from": [10.8, 9.5, 1.41623],
			"to": [11.3, 10.5, 2.41623],
			"rotation": {"angle": 22.5, "axis": "x", "origin": [12.46557, 6.5, 1.91623]},
			"faces": {
				"north": {"uv": [2, 15.5, 2.5, 16], "texture": "#0"},
				"east": {"uv": [2, 15.5, 2.5, 16], "texture": "#0"},
				"south": {"uv": [2, 15.5, 2.5, 16], "texture": "#0"},
				"west": {"uv": [2, 15.5, 2.5, 16], "texture": "#0"},
				"up": {"uv": [2, 15.5, 2.5, 16], "texture": "#0"},
				"down": {"uv": [2, 15.5, 2.5, 16], "texture": "#0"}
			}
		},
		{
			"from": [10.8, 8.5, 2.41623],
			"to": [11.3, 9.5, 3.41623],
			"rotation": {"angle": 22.5, "axis": "x", "origin": [12.46557, 6.5, 1.91623]},
			"faces": {
				"north": {"uv": [1.5, 15, 2, 15.5], "texture": "#0"},
				"east": {"uv": [1.5, 15, 2, 15.5], "texture": "#0"},
				"south": {"uv": [1.5, 15, 2, 15.5], "texture": "#0"},
				"west": {"uv": [1.5, 15, 2, 15.5], "texture": "#0"},
				"up": {"uv": [1.5, 15, 2, 15.5], "texture": "#0"},
				"down": {"uv": [1.5, 15, 2, 15.5], "texture": "#0"}
			}
		},
		{
			"from": [10.8, 8.5, 1.41623],
			"to": [11.3, 9.5, 2.41623],
			"rotation": {"angle": 22.5, "axis": "x", "origin": [12.46557, 6.5, 1.91623]},
			"faces": {
				"north": {"uv": [2, 15, 2.5, 15.5], "texture": "#0"},
				"east": {"uv": [2, 15, 2.5, 15.5], "texture": "#0"},
				"south": {"uv": [2, 15, 2.5, 15.5], "texture": "#0"},
				"west": {"uv": [2, 15, 2.5, 15.5], "texture": "#0"},
				"up": {"uv": [2, 15, 2.5, 15.5], "texture": "#0"},
				"down": {"uv": [2, 15, 2.5, 15.5], "texture": "#0"}
			}
		},
		{
			"from": [10.8, 8.5, 0.41623],
			"to": [11.3, 9.5, 1.41623],
			"rotation": {"angle": 22.5, "axis": "x", "origin": [12.46557, 6.5, 1.91623]},
			"faces": {
				"north": {"uv": [2.5, 15, 3, 15.5], "texture": "#0"},
				"east": {"uv": [2.5, 15, 3, 15.5], "texture": "#0"},
				"south": {"uv": [2.5, 15, 3, 15.5], "texture": "#0"},
				"west": {"uv": [2.5, 15, 3, 15.5], "texture": "#0"},
				"up": {"uv": [2.5, 15, 3, 15.5], "texture": "#0"},
				"down": {"uv": [2.5, 15, 3, 15.5], "texture": "#0"}
			}
		},
		{
			"from": [10.8, 7.5, 1.41623],
			"to": [11.3, 8.5, 2.41623],
			"rotation": {"angle": 22.5, "axis": "x", "origin": [12.46557, 6.5, 1.91623]},
			"faces": {
				"north": {"uv": [2, 14.5, 2.5, 15], "texture": "#0"},
				"east": {"uv": [2, 14.5, 2.5, 15], "texture": "#0"},
				"south": {"uv": [2, 14.5, 2.5, 15], "texture": "#0"},
				"west": {"uv": [2, 14.5, 2.5, 15], "texture": "#0"},
				"up": {"uv": [2, 14.5, 2.5, 15], "texture": "#0"},
				"down": {"uv": [2, 14.5, 2.5, 15], "texture": "#0"}
			}
		},
		{
			"from": [10.8, 7.5, 0.41623],
			"to": [11.3, 8.5, 1.41623],
			"rotation": {"angle": 22.5, "axis": "x", "origin": [12.46557, 6.5, 1.91623]},
			"faces": {
				"north": {"uv": [2.5, 14.5, 3, 15], "texture": "#0"},
				"east": {"uv": [2.5, 14.5, 3, 15], "texture": "#0"},
				"south": {"uv": [2.5, 14.5, 3, 15], "texture": "#0"},
				"west": {"uv": [2.5, 14.5, 3, 15], "texture": "#0"},
				"up": {"uv": [2.5, 14.5, 3, 15], "texture": "#0"},
				"down": {"uv": [2.5, 14.5, 3, 15], "texture": "#0"}
			}
		},
		{
			"from": [10.8, 7.5, -0.58377],
			"to": [11.3, 8.5, 0.41623],
			"rotation": {"angle": 22.5, "axis": "x", "origin": [12.46557, 6.5, 1.91623]},
			"faces": {
				"north": {"uv": [3, 14.5, 3.5, 15], "texture": "#0"},
				"east": {"uv": [3, 14.5, 3.5, 15], "texture": "#0"},
				"south": {"uv": [3, 14.5, 3.5, 15], "texture": "#0"},
				"west": {"uv": [3, 14.5, 3.5, 15], "texture": "#0"},
				"up": {"uv": [3, 14.5, 3.5, 15], "texture": "#0"},
				"down": {"uv": [3, 14.5, 3.5, 15], "texture": "#0"}
			}
		},
		{
			"from": [10.8, 6.5, 0.41623],
			"to": [11.3, 7.5, 1.41623],
			"rotation": {"angle": 22.5, "axis": "x", "origin": [12.46557, 6.5, 1.91623]},
			"faces": {
				"north": {"uv": [2.5, 14, 3, 14.5], "texture": "#0"},
				"east": {"uv": [2.5, 14, 3, 14.5], "texture": "#0"},
				"south": {"uv": [2.5, 14, 3, 14.5], "texture": "#0"},
				"west": {"uv": [2.5, 14, 3, 14.5], "texture": "#0"},
				"up": {"uv": [2.5, 14, 3, 14.5], "texture": "#0"},
				"down": {"uv": [2.5, 14, 3, 14.5], "texture": "#0"}
			}
		},
		{
			"from": [10.8, 6.5, -0.58377],
			"to": [11.3, 7.5, 0.41623],
			"rotation": {"angle": 22.5, "axis": "x", "origin": [12.46557, 6.5, 1.91623]},
			"faces": {
				"north": {"uv": [3, 14, 3.5, 14.5], "texture": "#0"},
				"east": {"uv": [3, 14, 3.5, 14.5], "texture": "#0"},
				"south": {"uv": [3, 14, 3.5, 14.5], "texture": "#0"},
				"west": {"uv": [3, 14, 3.5, 14.5], "texture": "#0"},
				"up": {"uv": [3, 14, 3.5, 14.5], "texture": "#0"},
				"down": {"uv": [3, 14, 3.5, 14.5], "texture": "#0"}
			}
		},
		{
			"from": [10.8, 5.5, 0.41623],
			"to": [11.3, 6.5, 1.41623],
			"rotation": {"angle": 22.5, "axis": "x", "origin": [12.46557, 6.5, 1.91623]},
			"faces": {
				"north": {"uv": [2.5, 13.5, 3, 14], "texture": "#0"},
				"east": {"uv": [2.5, 13.5, 3, 14], "texture": "#0"},
				"south": {"uv": [2.5, 13.5, 3, 14], "texture": "#0"},
				"west": {"uv": [2.5, 13.5, 3, 14], "texture": "#0"},
				"up": {"uv": [2.5, 13.5, 3, 14], "texture": "#0"},
				"down": {"uv": [2.5, 13.5, 3, 14], "texture": "#0"}
			}
		},
		{
			"from": [10.8, 7.5, -1.58377],
			"to": [11.3, 8.5, -0.58377],
			"rotation": {"angle": 22.5, "axis": "x", "origin": [12.46557, 6.5, 1.91623]},
			"faces": {
				"north": {"uv": [3.5, 14.5, 4, 15], "texture": "#0"},
				"east": {"uv": [3.5, 14.5, 4, 15], "texture": "#0"},
				"south": {"uv": [3.5, 14.5, 4, 15], "texture": "#0"},
				"west": {"uv": [3.5, 14.5, 4, 15], "texture": "#0"},
				"up": {"uv": [3.5, 14.5, 4, 15], "texture": "#0"},
				"down": {"uv": [3.5, 14.5, 4, 15], "texture": "#0"}
			}
		}
	],
	"display": {
		"thirdperson_righthand": {
			"rotation": [70, 0, 0],
			"translation": [0, 1.5, 1],
			"scale": [0.75, 0.75, 0.75]
		},
		"thirdperson_lefthand": {
			"rotation": [70, 0, 0],
			"translation": [0, 1.5, 1],
			"scale": [0.75, 0.75, 0.75]
		},
		"firstperson_righthand": {
			"rotation": [-180, 60, -180],
			"translation": [13.75, 2, -14.25]
		},
		"firstperson_lefthand": {
			"rotation": [-180, 60, -180],
			"translation": [13.75, 2, -14.25]
		},
		"ground": {
			"translation": [0, 3, 0],
			"scale": [0.5, 0.5, 0.5]
		},
		"gui": {
			"rotation": [30, 225, 0],
			"scale": [0.625, 0.625, 0.625]
		},
		"head": {
			"translation": [0, 14.5, 0]
		},
		"fixed": {
			"translation": [0, 0, -1]
		}
	}
}