{
	"credit": "Made by FlatTire with Blockbench",
	"texture_size": [32, 32],
	"textures": {
		"0": "vsmp:block/plushie/zombiepiglinplushie",
		"particle": "vsmp:block/plushie/zombiepiglinplushie"
	},
	"elements": [
		{
			"from": [4.38791, 5.82716, 5],
			"to": [11.38791, 10.82716, 11],
			"rotation": {"angle": 0, "axis": "z", "origin": [7.88791, 7.46142, 6.5]},
			"faces": {
				"north": {"uv": [3, 3, 6.5, 5.5], "texture": "#0"},
				"east": {"uv": [0, 3, 3, 5.5], "texture": "#0"},
				"south": {"uv": [9.5, 3, 13, 5.5], "texture": "#0"},
				"west": {"uv": [6.5, 3, 9.5, 5.5], "texture": "#0"},
				"up": {"uv": [6.5, 3, 3, 0], "texture": "#0"},
				"down": {"uv": [10, 0, 6.5, 3], "texture": "#0"}
			}
		},
		{
			"from": [6, 1, 6.75],
			"to": [10, 6, 9.25],
			"rotation": {"angle": 0, "axis": "x", "origin": [8, 1.25, 8]},
			"faces": {
				"north": {"uv": [1.5, 7, 3.5, 9.5], "texture": "#0"},
				"east": {"uv": [0.5, 7, 1.5, 9.5], "texture": "#0"},
				"south": {"uv": [4.5, 7, 6.5, 9.5], "texture": "#0"},
				"west": {"uv": [3.5, 7, 4.5, 9.5], "texture": "#0"},
				"up": {"uv": [3.5, 7, 1.5, 6], "texture": "#0"},
				"down": {"uv": [5.5, 6, 3.5, 7], "texture": "#0"}
			}
		},
		{
			"from": [10, 3.5, 2.84568],
			"to": [11, 5.5, 7.84568],
			"rotation": {"angle": -22.5, "axis": "y", "origin": [8, 6, 8]},
			"faces": {
				"north": {"uv": [9, 10.5, 8.5, 11.5], "rotation": 180, "texture": "#0"},
				"east": {"uv": [7, 11.5, 8, 14], "rotation": 270, "texture": "#0"},
				"south": {"uv": [8.5, 11.5, 8, 10.5], "texture": "#0"},
				"west": {"uv": [8.5, 11.5, 9.5, 14], "rotation": 90, "texture": "#0"},
				"up": {"uv": [8, 11.5, 8.5, 14], "rotation": 180, "texture": "#0"},
				"down": {"uv": [9.5, 11.5, 10, 14], "texture": "#0"}
			}
		},
		{
			"from": [6, -0.1543, 7],
			"to": [7, 4.8457, 9],
			"rotation": {"angle": -22.5, "axis": "z", "origin": [8, 6, 8]},
			"faces": {
				"north": {"uv": [5, 11.5, 5.5, 14], "texture": "#0"},
				"east": {"uv": [4, 11.5, 5, 14], "texture": "#0"},
				"south": {"uv": [6.5, 11.5, 7, 14], "texture": "#0"},
				"west": {"uv": [5.5, 11.5, 6.5, 14], "texture": "#0"},
				"up": {"uv": [5.5, 11.5, 5, 10.5], "texture": "#0"},
				"down": {"uv": [6, 10.5, 5.5, 11.5], "texture": "#0"}
			}
		},
		{
			"from": [6.25, 0, 2.75],
			"to": [8.25, 2, 7.75],
			"rotation": {"angle": 22.5, "axis": "y", "origin": [7, 0, 7.75]},
			"faces": {
				"north": {"uv": [11.5, 8, 12.5, 9], "texture": "#0"},
				"east": {"uv": [9, 8, 11.5, 9], "texture": "#0"},
				"south": {"uv": [15, 8, 16, 9], "texture": "#0"},
				"west": {"uv": [12.5, 8, 15, 9], "texture": "#0"},
				"up": {"uv": [12.5, 8, 11.5, 5.5], "texture": "#0"},
				"down": {"uv": [13.5, 5.5, 12.5, 8], "texture": "#0"}
			}
		},
		{
			"from": [7.75, 0, 2.75],
			"to": [9.75, 2, 7.75],
			"rotation": {"angle": -22.5, "axis": "y", "origin": [9, 0, 7.75]},
			"faces": {
				"north": {"uv": [7, 9.5, 8, 10.5], "texture": "#0"},
				"east": {"uv": [4.5, 9.5, 7, 10.5], "texture": "#0"},
				"south": {"uv": [10.5, 9.5, 11.5, 10.5], "texture": "#0"},
				"west": {"uv": [8, 9.5, 10.5, 10.5], "texture": "#0"},
				"up": {"uv": [8, 9.5, 7, 7], "texture": "#0"},
				"down": {"uv": [9, 7, 8, 9.5], "texture": "#0"}
			}
		},
		{
			"from": [3.499, 5.30769, 6.5],
			"to": [4.499, 8.30769, 9.5],
			"rotation": {"angle": -22.5, "axis": "z", "origin": [7.88791, 7.46142, 6.5]},
			"faces": {
				"north": {"uv": [2, 11, 1.5, 12.5], "texture": "#0"},
				"east": {"uv": [3.5, 11, 2, 12.5], "texture": "#0"},
				"south": {"uv": [4, 11, 3.5, 12.5], "texture": "#0"},
				"west": {"uv": [1.5, 11, 0, 12.5], "texture": "#0"},
				"up": {"uv": [1.5, 11, 2, 9.5], "texture": "#0"},
				"down": {"uv": [2, 9.5, 2.5, 11], "texture": "#0"}
			}
		},
		{
			"from": [6.38791, 6.07716, 4.5],
			"to": [9.38791, 8.07716, 5.5],
			"rotation": {"angle": 0, "axis": "z", "origin": [7.88791, 7.46142, 6.5]},
			"faces": {
				"north": {"uv": [6, 6, 7.5, 7], "texture": "#0"},
				"east": {"uv": [5.5, 6, 6, 7], "texture": "#0"},
				"south": {"uv": [8, 6, 9.5, 7], "texture": "#0"},
				"west": {"uv": [7.5, 6, 8, 7], "texture": "#0"},
				"up": {"uv": [7.5, 6, 6, 5.5], "texture": "#0"},
				"down": {"uv": [9, 5.5, 7.5, 6], "texture": "#0"}
			}
		},
		{
			"from": [5.38791, 6.07716, 4.5],
			"to": [6.38791, 7.07716, 5.5],
			"rotation": {"angle": 0, "axis": "z", "origin": [7.88791, 7.46142, 6.5]},
			"faces": {
				"north": {"uv": [0.5, 0.5, 1, 1], "texture": "#0"},
				"east": {"uv": [0, 0.5, 0.5, 1], "texture": "#0"},
				"south": {"uv": [1.5, 0.5, 2, 1], "texture": "#0"},
				"west": {"uv": [1, 0.5, 1.5, 1], "texture": "#0"},
				"up": {"uv": [1, 0.5, 0.5, 0], "texture": "#0"},
				"down": {"uv": [1.5, 0, 1, 0.5], "texture": "#0"}
			}
		},
		{
			"from": [9.38791, 6.07716, 4.5],
			"to": [10.38791, 7.07716, 5.5],
			"rotation": {"angle": 0, "axis": "z", "origin": [7.88791, 7.46142, 6.5]},
			"faces": {
				"north": {"uv": [1, 0.5, 0.5, 1], "texture": "#0"},
				"east": {"uv": [1.5, 0.5, 1, 1], "texture": "#0"},
				"south": {"uv": [2, 0.5, 1.5, 1], "texture": "#0"},
				"west": {"uv": [0.5, 0.5, 0, 1], "texture": "#0"},
				"up": {"uv": [0.5, 0.5, 1, 0], "texture": "#0"},
				"down": {"uv": [1, 0, 1.5, 0.5], "texture": "#0"}
			}
		},
		{
			"from": [3.7448, 2, -0.30546],
			"to": [4.7448, 2.5, 0.69454],
			"rotation": {"angle": 22.5, "axis": "y", "origin": [7.9948, 2.5, 3.44454]},
			"faces": {
				"north": {"uv": [16, 16, 15.5, 15.5], "texture": "#0"},
				"east": {"uv": [16, 16, 15.5, 15.5], "texture": "#0"},
				"south": {"uv": [16, 16, 15.5, 15.5], "texture": "#0"},
				"west": {"uv": [16, 16, 15.5, 15.5], "texture": "#0"},
				"up": {"uv": [16, 16, 15.5, 15.5], "rotation": 180, "texture": "#0"},
				"down": {"uv": [16, 16, 15.5, 15.5], "rotation": 180, "texture": "#0"}
			}
		},
		{
			"from": [3.7448, 2, 0.69454],
			"to": [4.7448, 2.5, 1.69454],
			"rotation": {"angle": 22.5, "axis": "y", "origin": [7.9948, 2.5, 3.44454]},
			"faces": {
				"north": {"uv": [15.5, 15, 16, 15.5], "rotation": 90, "texture": "#0"},
				"east": {"uv": [15.5, 15, 16, 15.5], "rotation": 90, "texture": "#0"},
				"south": {"uv": [15.5, 15, 16, 15.5], "rotation": 90, "texture": "#0"},
				"west": {"uv": [15.5, 15, 16, 15.5], "rotation": 90, "texture": "#0"},
				"up": {"uv": [15.5, 15, 16, 15.5], "rotation": 90, "texture": "#0"},
				"down": {"uv": [15.5, 15, 16, 15.5], "rotation": 90, "texture": "#0"}
			}
		},
		{
			"from": [4.7448, 2, -0.30546],
			"to": [5.7448, 2.5, 0.69454],
			"rotation": {"angle": 22.5, "axis": "y", "origin": [7.9948, 2.5, 3.44454]},
			"faces": {
				"north": {"uv": [15, 15.5, 15.5, 16], "rotation": 90, "texture": "#0"},
				"east": {"uv": [15, 15.5, 15.5, 16], "rotation": 90, "texture": "#0"},
				"south": {"uv": [15, 15.5, 15.5, 16], "rotation": 90, "texture": "#0"},
				"west": {"uv": [15, 15.5, 15.5, 16], "rotation": 90, "texture": "#0"},
				"up": {"uv": [15, 15.5, 15.5, 16], "rotation": 90, "texture": "#0"},
				"down": {"uv": [15, 15.5, 15.5, 16], "rotation": 90, "texture": "#0"}
			}
		},
		{
			"from": [4.7448, 2, 0.69454],
			"to": [5.7448, 2.5, 1.69454],
			"rotation": {"angle": 22.5, "axis": "y", "origin": [7.9948, 2.5, 3.44454]},
			"faces": {
				"north": {"uv": [15, 15, 15.5, 15.5], "rotation": 90, "texture": "#0"},
				"east": {"uv": [15, 15, 15.5, 15.5], "rotation": 90, "texture": "#0"},
				"south": {"uv": [15, 15, 15.5, 15.5], "rotation": 90, "texture": "#0"},
				"west": {"uv": [15, 15, 15.5, 15.5], "rotation": 90, "texture": "#0"},
				"up": {"uv": [15, 15, 15.5, 15.5], "rotation": 90, "texture": "#0"},
				"down": {"uv": [15, 15, 15.5, 15.5], "rotation": 90, "texture": "#0"}
			}
		},
		{
			"from": [5.7448, 2, 0.69454],
			"to": [6.7448, 2.5, 1.69454],
			"rotation": {"angle": 22.5, "axis": "y", "origin": [7.9948, 2.5, 3.44454]},
			"faces": {
				"north": {"uv": [14.5, 15, 15, 15.5], "rotation": 270, "texture": "#0"},
				"east": {"uv": [14.5, 15, 15, 15.5], "rotation": 270, "texture": "#0"},
				"south": {"uv": [14.5, 15, 15, 15.5], "rotation": 270, "texture": "#0"},
				"west": {"uv": [14.5, 15, 15, 15.5], "rotation": 270, "texture": "#0"},
				"up": {"uv": [14.5, 15, 15, 15.5], "rotation": 270, "texture": "#0"},
				"down": {"uv": [14.5, 15, 15, 15.5], "rotation": 270, "texture": "#0"}
			}
		},
		{
			"from": [5.7448, 2, 1.69454],
			"to": [6.7448, 2.5, 2.69454],
			"rotation": {"angle": 22.5, "axis": "y", "origin": [7.9948, 2.5, 3.44454]},
			"faces": {
				"north": {"uv": [14.5, 14.5, 15, 15], "rotation": 90, "texture": "#0"},
				"east": {"uv": [14.5, 14.5, 15, 15], "rotation": 90, "texture": "#0"},
				"south": {"uv": [14.5, 14.5, 15, 15], "rotation": 90, "texture": "#0"},
				"west": {"uv": [14.5, 14.5, 15, 15], "rotation": 90, "texture": "#0"},
				"up": {"uv": [14.5, 14.5, 15, 15], "rotation": 90, "texture": "#0"},
				"down": {"uv": [14.5, 14.5, 15, 15], "rotation": 90, "texture": "#0"}
			}
		},
		{
			"from": [4.7448, 2, 1.69454],
			"to": [5.7448, 2.5, 2.69454],
			"rotation": {"angle": 22.5, "axis": "y", "origin": [7.9948, 2.5, 3.44454]},
			"faces": {
				"north": {"uv": [15, 14.5, 15.5, 15], "rotation": 90, "texture": "#0"},
				"east": {"uv": [15, 14.5, 15.5, 15], "rotation": 90, "texture": "#0"},
				"south": {"uv": [15, 14.5, 15.5, 15], "rotation": 90, "texture": "#0"},
				"west": {"uv": [15, 14.5, 15.5, 15], "rotation": 90, "texture": "#0"},
				"up": {"uv": [15, 14.5, 15.5, 15], "rotation": 90, "texture": "#0"},
				"down": {"uv": [15, 14.5, 15.5, 15], "rotation": 90, "texture": "#0"}
			}
		},
		{
			"from": [5.7448, 2, 2.69454],
			"to": [6.7448, 2.5, 3.69454],
			"rotation": {"angle": 22.5, "axis": "y", "origin": [7.9948, 2.5, 3.44454]},
			"faces": {
				"north": {"uv": [14.5, 14, 15, 14.5], "rotation": 90, "texture": "#0"},
				"east": {"uv": [14.5, 14, 15, 14.5], "rotation": 90, "texture": "#0"},
				"south": {"uv": [14.5, 14, 15, 14.5], "rotation": 90, "texture": "#0"},
				"west": {"uv": [14.5, 14, 15, 14.5], "rotation": 90, "texture": "#0"},
				"up": {"uv": [14.5, 14, 15, 14.5], "rotation": 90, "texture": "#0"},
				"down": {"uv": [14.5, 14, 15, 14.5], "rotation": 90, "texture": "#0"}
			}
		},
		{
			"from": [6.7448, 2, 2.69454],
			"to": [7.7448, 2.5, 3.69454],
			"rotation": {"angle": 22.5, "axis": "y", "origin": [7.9948, 2.5, 3.44454]},
			"faces": {
				"north": {"uv": [14, 14, 14.5, 14.5], "rotation": 90, "texture": "#0"},
				"east": {"uv": [14, 14, 14.5, 14.5], "rotation": 90, "texture": "#0"},
				"south": {"uv": [14, 14, 14.5, 14.5], "rotation": 90, "texture": "#0"},
				"west": {"uv": [14, 14, 14.5, 14.5], "rotation": 90, "texture": "#0"},
				"up": {"uv": [14, 14, 14.5, 14.5], "rotation": 90, "texture": "#0"},
				"down": {"uv": [14, 14, 14.5, 14.5], "rotation": 90, "texture": "#0"}
			}
		},
		{
			"from": [6.7448, 2, 1.69454],
			"to": [7.7448, 2.5, 2.69454],
			"rotation": {"angle": 22.5, "axis": "y", "origin": [7.9948, 2.5, 3.44454]},
			"faces": {
				"north": {"uv": [14, 14.5, 14.5, 15], "rotation": 270, "texture": "#0"},
				"east": {"uv": [14, 14.5, 14.5, 15], "rotation": 270, "texture": "#0"},
				"south": {"uv": [14, 14.5, 14.5, 15], "rotation": 270, "texture": "#0"},
				"west": {"uv": [14, 14.5, 14.5, 15], "rotation": 270, "texture": "#0"},
				"up": {"uv": [14, 14.5, 14.5, 15], "rotation": 270, "texture": "#0"},
				"down": {"uv": [14, 14.5, 14.5, 15], "rotation": 270, "texture": "#0"}
			}
		},
		{
			"from": [7.7448, 2, 1.69454],
			"to": [8.7448, 2.5, 2.69454],
			"rotation": {"angle": 22.5, "axis": "y", "origin": [7.9948, 2.5, 3.44454]},
			"faces": {
				"north": {"uv": [13.5, 14.5, 14, 15], "rotation": 90, "texture": "#0"},
				"east": {"uv": [13.5, 14.5, 14, 15], "rotation": 90, "texture": "#0"},
				"south": {"uv": [13.5, 14.5, 14, 15], "rotation": 90, "texture": "#0"},
				"west": {"uv": [13.5, 14.5, 14, 15], "rotation": 90, "texture": "#0"},
				"up": {"uv": [13.5, 14.5, 14, 15], "rotation": 90, "texture": "#0"},
				"down": {"uv": [13.5, 14.5, 14, 15], "rotation": 90, "texture": "#0"}
			}
		},
		{
			"from": [7.7448, 2, 0.69454],
			"to": [8.7448, 2.5, 1.69454],
			"rotation": {"angle": 22.5, "axis": "y", "origin": [7.9948, 2.5, 3.44454]},
			"faces": {
				"north": {"uv": [13.5, 15, 14, 15.5], "rotation": 90, "texture": "#0"},
				"east": {"uv": [13.5, 15, 14, 15.5], "rotation": 90, "texture": "#0"},
				"south": {"uv": [13.5, 15, 14, 15.5], "rotation": 90, "texture": "#0"},
				"west": {"uv": [13.5, 15, 14, 15.5], "rotation": 90, "texture": "#0"},
				"up": {"uv": [13.5, 15, 14, 15.5], "rotation": 90, "texture": "#0"},
				"down": {"uv": [13.5, 15, 14, 15.5], "rotation": 90, "texture": "#0"}
			}
		},
		{
			"from": [8.7448, 2, 0.69454],
			"to": [9.7448, 2.5, 1.69454],
			"rotation": {"angle": 22.5, "axis": "y", "origin": [7.9948, 2.5, 3.44454]},
			"faces": {
				"north": {"uv": [13, 15, 13.5, 15.5], "rotation": 90, "texture": "#0"},
				"east": {"uv": [13, 15, 13.5, 15.5], "rotation": 90, "texture": "#0"},
				"south": {"uv": [13, 15, 13.5, 15.5], "rotation": 90, "texture": "#0"},
				"west": {"uv": [13, 15, 13.5, 15.5], "rotation": 90, "texture": "#0"},
				"up": {"uv": [13, 15, 13.5, 15.5], "rotation": 90, "texture": "#0"},
				"down": {"uv": [13, 15, 13.5, 15.5], "rotation": 90, "texture": "#0"}
			}
		},
		{
			"from": [5.7448, 2, 3.69454],
			"to": [6.7448, 2.5, 4.69454],
			"rotation": {"angle": 22.5, "axis": "y", "origin": [7.9948, 2.5, 3.44454]},
			"faces": {
				"north": {"uv": [14.5, 13.5, 15, 14], "rotation": 90, "texture": "#0"},
				"east": {"uv": [14.5, 13.5, 15, 14], "rotation": 90, "texture": "#0"},
				"south": {"uv": [14.5, 13.5, 15, 14], "rotation": 90, "texture": "#0"},
				"west": {"uv": [14.5, 13.5, 15, 14], "rotation": 90, "texture": "#0"},
				"up": {"uv": [14.5, 13.5, 15, 14], "rotation": 90, "texture": "#0"},
				"down": {"uv": [14.5, 13.5, 15, 14], "rotation": 90, "texture": "#0"}
			}
		},
		{
			"from": [4.7448, 2, 3.69454],
			"to": [5.7448, 2.5, 4.69454],
			"rotation": {"angle": 22.5, "axis": "y", "origin": [7.9948, 2.5, 3.44454]},
			"faces": {
				"north": {"uv": [15, 13.5, 15.5, 14], "rotation": 90, "texture": "#0"},
				"east": {"uv": [15, 13.5, 15.5, 14], "rotation": 90, "texture": "#0"},
				"south": {"uv": [15, 13.5, 15.5, 14], "rotation": 90, "texture": "#0"},
				"west": {"uv": [15, 13.5, 15.5, 14], "rotation": 90, "texture": "#0"},
				"up": {"uv": [15, 13.5, 15.5, 14], "rotation": 90, "texture": "#0"},
				"down": {"uv": [15, 13.5, 15.5, 14], "rotation": 90, "texture": "#0"}
			}
		},
		{
			"from": [4.7448, 2, 4.69454],
			"to": [5.7448, 2.5, 5.69454],
			"rotation": {"angle": 22.5, "axis": "y", "origin": [7.9948, 2.5, 3.44454]},
			"faces": {
				"north": {"uv": [15, 13, 15.5, 13.5], "rotation": 90, "texture": "#0"},
				"east": {"uv": [15, 13, 15.5, 13.5], "rotation": 90, "texture": "#0"},
				"south": {"uv": [15, 13, 15.5, 13.5], "rotation": 90, "texture": "#0"},
				"west": {"uv": [15, 13, 15.5, 13.5], "rotation": 90, "texture": "#0"},
				"up": {"uv": [15, 13, 15.5, 13.5], "rotation": 90, "texture": "#0"},
				"down": {"uv": [15, 13, 15.5, 13.5], "rotation": 90, "texture": "#0"}
			}
		},
		{
			"from": [6.7448, 2, 3.69454],
			"to": [7.7448, 2.5, 4.69454],
			"rotation": {"angle": 22.5, "axis": "y", "origin": [7.9948, 2.5, 3.44454]},
			"faces": {
				"north": {"uv": [14, 13.5, 14.5, 14], "rotation": 90, "texture": "#0"},
				"east": {"uv": [14, 13.5, 14.5, 14], "rotation": 90, "texture": "#0"},
				"south": {"uv": [14, 13.5, 14.5, 14], "rotation": 90, "texture": "#0"},
				"west": {"uv": [14, 13.5, 14.5, 14], "rotation": 90, "texture": "#0"},
				"up": {"uv": [14, 13.5, 14.5, 14], "rotation": 90, "texture": "#0"},
				"down": {"uv": [14, 13.5, 14.5, 14], "rotation": 90, "texture": "#0"}
			}
		},
		{
			"from": [6.7448, 2, 4.69454],
			"to": [7.7448, 2.5, 5.69454],
			"rotation": {"angle": 22.5, "axis": "y", "origin": [7.9948, 2.5, 3.44454]},
			"faces": {
				"north": {"uv": [14, 13, 14.5, 13.5], "rotation": 90, "texture": "#0"},
				"east": {"uv": [14, 13, 14.5, 13.5], "rotation": 90, "texture": "#0"},
				"south": {"uv": [14, 13, 14.5, 13.5], "rotation": 90, "texture": "#0"},
				"west": {"uv": [14, 13, 14.5, 13.5], "rotation": 90, "texture": "#0"},
				"up": {"uv": [14, 13, 14.5, 13.5], "rotation": 90, "texture": "#0"},
				"down": {"uv": [14, 13, 14.5, 13.5], "rotation": 90, "texture": "#0"}
			}
		},
		{
			"from": [7.7448, 2, 2.69454],
			"to": [8.7448, 2.5, 3.69454],
			"rotation": {"angle": 22.5, "axis": "y", "origin": [7.9948, 2.5, 3.44454]},
			"faces": {
				"north": {"uv": [13.5, 14, 14, 14.5], "rotation": 90, "texture": "#0"},
				"east": {"uv": [13.5, 14, 14, 14.5], "rotation": 90, "texture": "#0"},
				"south": {"uv": [13.5, 14, 14, 14.5], "rotation": 90, "texture": "#0"},
				"west": {"uv": [13.5, 14, 14, 14.5], "rotation": 90, "texture": "#0"},
				"up": {"uv": [13.5, 14, 14, 14.5], "rotation": 90, "texture": "#0"},
				"down": {"uv": [13.5, 14, 14, 14.5], "rotation": 90, "texture": "#0"}
			}
		},
		{
			"from": [8.7448, 2, 2.69454],
			"to": [9.7448, 2.5, 3.69454],
			"rotation": {"angle": 22.5, "axis": "y", "origin": [7.9948, 2.5, 3.44454]},
			"faces": {
				"north": {"uv": [13, 14, 13.5, 14.5], "rotation": 90, "texture": "#0"},
				"east": {"uv": [13, 14, 13.5, 14.5], "rotation": 90, "texture": "#0"},
				"south": {"uv": [13, 14, 13.5, 14.5], "rotation": 90, "texture": "#0"},
				"west": {"uv": [13, 14, 13.5, 14.5], "rotation": 90, "texture": "#0"},
				"up": {"uv": [13, 14, 13.5, 14.5], "rotation": 90, "texture": "#0"},
				"down": {"uv": [13, 14, 13.5, 14.5], "rotation": 90, "texture": "#0"}
			}
		},
		{
			"from": [9.7448, 2, 3.69454],
			"to": [10.7448, 2.5, 4.69454],
			"rotation": {"angle": 22.5, "axis": "y", "origin": [7.9948, 2.5, 3.44454]},
			"faces": {
				"north": {"uv": [12.5, 13.5, 13, 14], "rotation": 90, "texture": "#0"},
				"east": {"uv": [12.5, 13.5, 13, 14], "rotation": 90, "texture": "#0"},
				"south": {"uv": [12.5, 13.5, 13, 14], "rotation": 90, "texture": "#0"},
				"west": {"uv": [12.5, 13.5, 13, 14], "rotation": 90, "texture": "#0"},
				"up": {"uv": [12.5, 13.5, 13, 14], "rotation": 90, "texture": "#0"},
				"down": {"uv": [12.5, 13.5, 13, 14], "rotation": 90, "texture": "#0"}
			}
		},
		{
			"from": [10.7448, 2, 4.69454],
			"to": [11.7448, 2.5, 5.69454],
			"rotation": {"angle": 22.5, "axis": "y", "origin": [7.9948, 2.5, 3.44454]},
			"faces": {
				"north": {"uv": [12, 13, 12.5, 13.5], "rotation": 90, "texture": "#0"},
				"east": {"uv": [12, 13, 12.5, 13.5], "rotation": 90, "texture": "#0"},
				"south": {"uv": [12, 13, 12.5, 13.5], "rotation": 90, "texture": "#0"},
				"west": {"uv": [12, 13, 12.5, 13.5], "rotation": 90, "texture": "#0"},
				"up": {"uv": [12, 13, 12.5, 13.5], "rotation": 90, "texture": "#0"},
				"down": {"uv": [12, 13, 12.5, 13.5], "rotation": 90, "texture": "#0"}
			}
		},
		{
			"from": [11.7448, 2, 5.69454],
			"to": [12.7448, 2.5, 6.69454],
			"rotation": {"angle": 22.5, "axis": "y", "origin": [7.9948, 2.5, 3.44454]},
			"faces": {
				"north": {"uv": [11.5, 12.5, 12, 13], "rotation": 90, "texture": "#0"},
				"east": {"uv": [11.5, 12.5, 12, 13], "rotation": 90, "texture": "#0"},
				"south": {"uv": [11.5, 12.5, 12, 13], "rotation": 90, "texture": "#0"},
				"west": {"uv": [11.5, 12.5, 12, 13], "rotation": 90, "texture": "#0"},
				"up": {"uv": [11.5, 12.5, 12, 13], "rotation": 90, "texture": "#0"},
				"down": {"uv": [11.5, 12.5, 12, 13], "rotation": 90, "texture": "#0"}
			}
		},
		{
			"from": [11.7448, 2, 6.69454],
			"to": [12.7448, 2.5, 7.69454],
			"rotation": {"angle": 22.5, "axis": "y", "origin": [7.9948, 2.5, 3.44454]},
			"faces": {
				"north": {"uv": [11.5, 12, 12, 12.5], "rotation": 90, "texture": "#0"},
				"east": {"uv": [11.5, 12, 12, 12.5], "rotation": 90, "texture": "#0"},
				"south": {"uv": [11.5, 12, 12, 12.5], "rotation": 90, "texture": "#0"},
				"west": {"uv": [11.5, 12, 12, 12.5], "rotation": 90, "texture": "#0"},
				"up": {"uv": [11.5, 12, 12, 12.5], "rotation": 90, "texture": "#0"},
				"down": {"uv": [11.5, 12, 12, 12.5], "rotation": 90, "texture": "#0"}
			}
		},
		{
			"from": [11.7448, 2, 7.69454],
			"to": [12.7448, 2.5, 8.69454],
			"rotation": {"angle": 22.5, "axis": "y", "origin": [7.9948, 2.5, 3.44454]},
			"faces": {
				"north": {"uv": [11.5, 11.5, 12, 12], "rotation": 90, "texture": "#0"},
				"east": {"uv": [11.5, 11.5, 12, 12], "rotation": 90, "texture": "#0"},
				"south": {"uv": [11.5, 11.5, 12, 12], "rotation": 90, "texture": "#0"},
				"west": {"uv": [11.5, 11.5, 12, 12], "rotation": 90, "texture": "#0"},
				"up": {"uv": [11.5, 11.5, 12, 12], "rotation": 90, "texture": "#0"},
				"down": {"uv": [11.5, 11.5, 12, 12], "rotation": 90, "texture": "#0"}
			}
		},
		{
			"from": [10.7448, 2, 7.69454],
			"to": [11.7448, 2.5, 8.69454],
			"rotation": {"angle": 22.5, "axis": "y", "origin": [7.9948, 2.5, 3.44454]},
			"faces": {
				"north": {"uv": [12, 11.5, 12.5, 12], "rotation": 90, "texture": "#0"},
				"east": {"uv": [12, 11.5, 12.5, 12], "rotation": 90, "texture": "#0"},
				"south": {"uv": [12, 11.5, 12.5, 12], "rotation": 90, "texture": "#0"},
				"west": {"uv": [12, 11.5, 12.5, 12], "rotation": 90, "texture": "#0"},
				"up": {"uv": [12, 11.5, 12.5, 12], "rotation": 90, "texture": "#0"},
				"down": {"uv": [12, 11.5, 12.5, 12], "rotation": 90, "texture": "#0"}
			}
		},
		{
			"from": [9.7448, 2, 7.69454],
			"to": [10.7448, 2.5, 8.69454],
			"rotation": {"angle": 22.5, "axis": "y", "origin": [7.9948, 2.5, 3.44454]},
			"faces": {
				"north": {"uv": [12.5, 11.5, 13, 12], "rotation": 90, "texture": "#0"},
				"east": {"uv": [12.5, 11.5, 13, 12], "rotation": 90, "texture": "#0"},
				"south": {"uv": [12.5, 11.5, 13, 12], "rotation": 90, "texture": "#0"},
				"west": {"uv": [12.5, 11.5, 13, 12], "rotation": 90, "texture": "#0"},
				"up": {"uv": [12.5, 11.5, 13, 12], "rotation": 90, "texture": "#0"},
				"down": {"uv": [12.5, 11.5, 13, 12], "rotation": 90, "texture": "#0"}
			}
		},
		{
			"from": [8.7448, 2, 6.69454],
			"to": [9.7448, 2.5, 7.69454],
			"rotation": {"angle": 22.5, "axis": "y", "origin": [7.9948, 2.5, 3.44454]},
			"faces": {
				"north": {"uv": [13, 12, 13.5, 12.5], "rotation": 90, "texture": "#0"},
				"east": {"uv": [13, 12, 13.5, 12.5], "rotation": 90, "texture": "#0"},
				"south": {"uv": [13, 12, 13.5, 12.5], "rotation": 90, "texture": "#0"},
				"west": {"uv": [13, 12, 13.5, 12.5], "rotation": 90, "texture": "#0"},
				"up": {"uv": [13, 12, 13.5, 12.5], "rotation": 90, "texture": "#0"},
				"down": {"uv": [13, 12, 13.5, 12.5], "rotation": 90, "texture": "#0"}
			}
		},
		{
			"from": [7.7448, 2, 5.69454],
			"to": [8.7448, 2.5, 6.69454],
			"rotation": {"angle": 22.5, "axis": "y", "origin": [7.9948, 2.5, 3.44454]},
			"faces": {
				"north": {"uv": [13.5, 12.5, 14, 13], "rotation": 90, "texture": "#0"},
				"east": {"uv": [13.5, 12.5, 14, 13], "rotation": 90, "texture": "#0"},
				"south": {"uv": [13.5, 12.5, 14, 13], "rotation": 90, "texture": "#0"},
				"west": {"uv": [13.5, 12.5, 14, 13], "rotation": 90, "texture": "#0"},
				"up": {"uv": [13.5, 12.5, 14, 13], "rotation": 90, "texture": "#0"},
				"down": {"uv": [13.5, 12.5, 14, 13], "rotation": 90, "texture": "#0"}
			}
		},
		{
			"from": [7.7448, 2, 4.69454],
			"to": [8.7448, 2.5, 5.69454],
			"rotation": {"angle": 22.5, "axis": "y", "origin": [7.9948, 2.5, 3.44454]},
			"faces": {
				"north": {"uv": [13.5, 13, 14, 13.5], "rotation": 90, "texture": "#0"},
				"east": {"uv": [13.5, 13, 14, 13.5], "rotation": 90, "texture": "#0"},
				"south": {"uv": [13.5, 13, 14, 13.5], "rotation": 90, "texture": "#0"},
				"west": {"uv": [13.5, 13, 14, 13.5], "rotation": 90, "texture": "#0"},
				"up": {"uv": [13.5, 13, 14, 13.5], "rotation": 90, "texture": "#0"},
				"down": {"uv": [13.5, 13, 14, 13.5], "rotation": 90, "texture": "#0"}
			}
		},
		{
			"from": [7.7448, 2, 3.69454],
			"to": [8.7448, 2.5, 4.69454],
			"rotation": {"angle": 22.5, "axis": "y", "origin": [7.9948, 2.5, 3.44454]},
			"faces": {
				"north": {"uv": [13.5, 13.5, 14, 14], "rotation": 90, "texture": "#0"},
				"east": {"uv": [13.5, 13.5, 14, 14], "rotation": 90, "texture": "#0"},
				"south": {"uv": [13.5, 13.5, 14, 14], "rotation": 90, "texture": "#0"},
				"west": {"uv": [13.5, 13.5, 14, 14], "rotation": 90, "texture": "#0"},
				"up": {"uv": [13.5, 13.5, 14, 14], "rotation": 90, "texture": "#0"},
				"down": {"uv": [13.5, 13.5, 14, 14], "rotation": 90, "texture": "#0"}
			}
		},
		{
			"from": [8.7448, 2, 3.69454],
			"to": [9.7448, 2.5, 4.69454],
			"rotation": {"angle": 22.5, "axis": "y", "origin": [7.9948, 2.5, 3.44454]},
			"faces": {
				"north": {"uv": [13, 13.5, 13.5, 14], "rotation": 90, "texture": "#0"},
				"east": {"uv": [13, 13.5, 13.5, 14], "rotation": 90, "texture": "#0"},
				"south": {"uv": [13, 13.5, 13.5, 14], "rotation": 90, "texture": "#0"},
				"west": {"uv": [13, 13.5, 13.5, 14], "rotation": 90, "texture": "#0"},
				"up": {"uv": [13, 13.5, 13.5, 14], "rotation": 90, "texture": "#0"},
				"down": {"uv": [13, 13.5, 13.5, 14], "rotation": 90, "texture": "#0"}
			}
		},
		{
			"from": [8.7448, 2, 4.69454],
			"to": [9.7448, 2.5, 5.69454],
			"rotation": {"angle": 22.5, "axis": "y", "origin": [7.9948, 2.5, 3.44454]},
			"faces": {
				"north": {"uv": [13, 13, 13.5, 13.5], "rotation": 90, "texture": "#0"},
				"east": {"uv": [13, 13, 13.5, 13.5], "rotation": 90, "texture": "#0"},
				"south": {"uv": [13, 13, 13.5, 13.5], "rotation": 90, "texture": "#0"},
				"west": {"uv": [13, 13, 13.5, 13.5], "rotation": 90, "texture": "#0"},
				"up": {"uv": [13, 13, 13.5, 13.5], "rotation": 90, "texture": "#0"},
				"down": {"uv": [13, 13, 13.5, 13.5], "rotation": 90, "texture": "#0"}
			}
		},
		{
			"from": [8.7448, 2, 5.69454],
			"to": [9.7448, 2.5, 6.69454],
			"rotation": {"angle": 22.5, "axis": "y", "origin": [7.9948, 2.5, 3.44454]},
			"faces": {
				"north": {"uv": [13, 12.5, 13.5, 13], "rotation": 90, "texture": "#0"},
				"east": {"uv": [13, 12.5, 13.5, 13], "rotation": 90, "texture": "#0"},
				"south": {"uv": [13, 12.5, 13.5, 13], "rotation": 90, "texture": "#0"},
				"west": {"uv": [13, 12.5, 13.5, 13], "rotation": 90, "texture": "#0"},
				"up": {"uv": [13, 12.5, 13.5, 13], "rotation": 90, "texture": "#0"},
				"down": {"uv": [13, 12.5, 13.5, 13], "rotation": 90, "texture": "#0"}
			}
		},
		{
			"from": [9.7448, 2, 5.69454],
			"to": [10.7448, 2.5, 6.69454],
			"rotation": {"angle": 22.5, "axis": "y", "origin": [7.9948, 2.5, 3.44454]},
			"faces": {
				"north": {"uv": [12.5, 12.5, 13, 13], "rotation": 90, "texture": "#0"},
				"east": {"uv": [12.5, 12.5, 13, 13], "rotation": 90, "texture": "#0"},
				"south": {"uv": [12.5, 12.5, 13, 13], "rotation": 90, "texture": "#0"},
				"west": {"uv": [12.5, 12.5, 13, 13], "rotation": 90, "texture": "#0"},
				"up": {"uv": [12.5, 12.5, 13, 13], "rotation": 90, "texture": "#0"},
				"down": {"uv": [12.5, 12.5, 13, 13], "rotation": 90, "texture": "#0"}
			}
		},
		{
			"from": [9.7448, 2, 4.69454],
			"to": [10.7448, 2.5, 5.69454],
			"rotation": {"angle": 22.5, "axis": "y", "origin": [7.9948, 2.5, 3.44454]},
			"faces": {
				"north": {"uv": [12.5, 13, 13, 13.5], "rotation": 90, "texture": "#0"},
				"east": {"uv": [12.5, 13, 13, 13.5], "rotation": 90, "texture": "#0"},
				"south": {"uv": [12.5, 13, 13, 13.5], "rotation": 90, "texture": "#0"},
				"west": {"uv": [12.5, 13, 13, 13.5], "rotation": 90, "texture": "#0"},
				"up": {"uv": [12.5, 13, 13, 13.5], "rotation": 90, "texture": "#0"},
				"down": {"uv": [12.5, 13, 13, 13.5], "rotation": 90, "texture": "#0"}
			}
		},
		{
			"from": [10.7448, 2, 5.69454],
			"to": [11.7448, 2.5, 6.69454],
			"rotation": {"angle": 22.5, "axis": "y", "origin": [7.9948, 2.5, 3.44454]},
			"faces": {
				"north": {"uv": [12, 12.5, 12.5, 13], "rotation": 90, "texture": "#0"},
				"east": {"uv": [12, 12.5, 12.5, 13], "rotation": 90, "texture": "#0"},
				"south": {"uv": [12, 12.5, 12.5, 13], "rotation": 90, "texture": "#0"},
				"west": {"uv": [12, 12.5, 12.5, 13], "rotation": 90, "texture": "#0"},
				"up": {"uv": [12, 12.5, 12.5, 13], "rotation": 90, "texture": "#0"},
				"down": {"uv": [12, 12.5, 12.5, 13], "rotation": 90, "texture": "#0"}
			}
		},
		{
			"from": [10.7448, 2, 6.69454],
			"to": [11.7448, 2.5, 7.69454],
			"rotation": {"angle": 22.5, "axis": "y", "origin": [7.9948, 2.5, 3.44454]},
			"faces": {
				"north": {"uv": [12, 12, 12.5, 12.5], "rotation": 90, "texture": "#0"},
				"east": {"uv": [12, 12, 12.5, 12.5], "rotation": 90, "texture": "#0"},
				"south": {"uv": [12, 12, 12.5, 12.5], "rotation": 90, "texture": "#0"},
				"west": {"uv": [12, 12, 12.5, 12.5], "rotation": 90, "texture": "#0"},
				"up": {"uv": [12, 12, 12.5, 12.5], "rotation": 90, "texture": "#0"},
				"down": {"uv": [12, 12, 12.5, 12.5], "rotation": 90, "texture": "#0"}
			}
		},
		{
			"from": [9.7448, 2, 6.69454],
			"to": [10.7448, 2.5, 7.69454],
			"rotation": {"angle": 22.5, "axis": "y", "origin": [7.9948, 2.5, 3.44454]},
			"faces": {
				"north": {"uv": [12.5, 12, 13, 12.5], "rotation": 90, "texture": "#0"},
				"east": {"uv": [12.5, 12, 13, 12.5], "rotation": 90, "texture": "#0"},
				"south": {"uv": [12.5, 12, 13, 12.5], "rotation": 90, "texture": "#0"},
				"west": {"uv": [12.5, 12, 13, 12.5], "rotation": 90, "texture": "#0"},
				"up": {"uv": [12.5, 12, 13, 12.5], "rotation": 90, "texture": "#0"},
				"down": {"uv": [12.5, 12, 13, 12.5], "rotation": 90, "texture": "#0"}
			}
		},
		{
			"from": [9.7448, 2, 6.69454],
			"to": [10.7448, 2.5, 7.69454],
			"rotation": {"angle": 22.5, "axis": "y", "origin": [7.9948, 2.5, 3.44454]},
			"faces": {
				"north": {"uv": [0, 0, 0.25, 0.5], "rotation": 270, "texture": "#0"},
				"east": {"uv": [0, 0, 0.25, 0.5], "rotation": 270, "texture": "#0"},
				"south": {"uv": [0, 0, 0.25, 0.5], "rotation": 90, "texture": "#0"},
				"west": {"uv": [0, 0, 0.25, 0.5], "rotation": 270, "texture": "#0"},
				"up": {"uv": [0, 0, 0.5, 0.5], "rotation": 90, "texture": "#0"},
				"down": {"uv": [0, 0, 0.5, 0.5], "rotation": 90, "texture": "#0"}
			}
		}
	],
	"display": {
		"thirdperson_righthand": {
			"rotation": [70, 0, 0],
			"translation": [0, 1.5, 1],
			"scale": [0.75, 0.75, 0.75]
		},
		"thirdperson_lefthand": {
			"rotation": [70, 0, 0],
			"translation": [0, 1.5, 1],
			"scale": [0.75, 0.75, 0.75]
		},
		"firstperson_righthand": {
			"rotation": [-180, 60, -180],
			"translation": [13.75, 2, -14.25]
		},
		"firstperson_lefthand": {
			"rotation": [-180, 60, -180],
			"translation": [13.75, 2, -14.25]
		},
		"ground": {
			"translation": [0, 3, 0],
			"scale": [0.5, 0.5, 0.5]
		},
		"gui": {
			"rotation": [30, 225, 0],
			"scale": [0.625, 0.625, 0.625]
		},
		"head": {
			"translation": [0, 14.5, 0]
		},
		"fixed": {
			"translation": [0, 0, -1]
		}
	}
}