{
	"credit": "Made by Tackish with Blockbench",
	"texture_size": [32, 32],
	"textures": {
		"0": "tiretown:block/plushie/creeperplushie",
		"particle": "tiretown:block/plushie/creeperplushie"
	},
	"elements": [
		{
			"from": [5, 5, 4.5],
			"to": [11, 11, 10.5],
			"rotation": {"angle": 22.5, "axis": "x", "origin": [8, 6, 7.5]},
			"faces": {
				"north": {"uv": [3, 3, 6, 6], "texture": "#0"},
				"east": {"uv": [0, 3, 3, 6], "texture": "#0"},
				"south": {"uv": [9, 3, 12, 6], "texture": "#0"},
				"west": {"uv": [6, 3, 9, 6], "texture": "#0"},
				"up": {"uv": [6, 3, 3, 0], "texture": "#0"},
				"down": {"uv": [9, 0, 6, 3], "texture": "#0"}
			}
		},
		{
			"from": [6, 1, 6.5],
			"to": [10, 6, 8.5],
			"rotation": {"angle": 0, "axis": "x", "origin": [8, 1.25, 7.5]},
			"faces": {
				"north": {"uv": [1, 7, 3, 9.5], "texture": "#0"},
				"east": {"uv": [0, 7, 1, 9.5], "texture": "#0"},
				"south": {"uv": [4, 7, 6, 9.5], "texture": "#0"},
				"west": {"uv": [3, 7, 4, 9.5], "texture": "#0"},
				"up": {"uv": [3, 7, 1, 6], "texture": "#0"},
				"down": {"uv": [5, 6, 3, 7], "texture": "#0"}
			}
		},
		{
			"from": [6.25, 0, 4.25],
			"to": [8.25, 2, 6.25],
			"rotation": {"angle": 22.5, "axis": "y", "origin": [8, 0, 7.5]},
			"faces": {
				"north": {"uv": [10.5, 1.5, 11.5, 2.5], "texture": "#0"},
				"east": {"uv": [9.5, 1.5, 10.5, 2.5], "texture": "#0"},
				"south": {"uv": [12.5, 1.5, 13.5, 2.5], "texture": "#0"},
				"west": {"uv": [11.5, 1.5, 12.5, 2.5], "texture": "#0"},
				"up": {"uv": [11.5, 1.5, 10.5, 0.5], "texture": "#0"},
				"down": {"uv": [12.5, 0.5, 11.5, 1.5], "texture": "#0"}
			}
		},
		{
			"from": [7.75, 0, 4.25],
			"to": [9.75, 2, 6.25],
			"rotation": {"angle": -22.5, "axis": "y", "origin": [8, 0, 7.5]},
			"faces": {
				"north": {"uv": [6, 10, 7, 11], "texture": "#0"},
				"east": {"uv": [5, 10, 6, 11], "texture": "#0"},
				"south": {"uv": [8, 10, 9, 11], "texture": "#0"},
				"west": {"uv": [7, 10, 8, 11], "texture": "#0"},
				"up": {"uv": [7, 10, 6, 9], "texture": "#0"},
				"down": {"uv": [8, 9, 7, 10], "texture": "#0"}
			}
		},
		{
			"from": [7.75, 0, 8.75],
			"to": [9.75, 2, 10.75],
			"rotation": {"angle": 22.5, "axis": "y", "origin": [8, 0, 7.5]},
			"faces": {
				"north": {"uv": [1.5, 11, 2.5, 12], "texture": "#0"},
				"east": {"uv": [0.5, 11, 1.5, 12], "texture": "#0"},
				"south": {"uv": [3.5, 11, 4.5, 12], "texture": "#0"},
				"west": {"uv": [2.5, 11, 3.5, 12], "texture": "#0"},
				"up": {"uv": [2.5, 11, 1.5, 10], "rotation": 180, "texture": "#0"},
				"down": {"uv": [3.5, 10, 2.5, 11], "rotation": 180, "texture": "#0"}
			}
		},
		{
			"from": [6.25, 0, 8.75],
			"to": [8.25, 2, 10.75],
			"rotation": {"angle": -22.5, "axis": "y", "origin": [8, 0, 7.5]},
			"faces": {
				"north": {"uv": [7.5, 7.5, 8.5, 8.5], "texture": "#0"},
				"east": {"uv": [6.5, 7.5, 7.5, 8.5], "texture": "#0"},
				"south": {"uv": [9.5, 7.5, 10.5, 8.5], "texture": "#0"},
				"west": {"uv": [8.5, 7.5, 9.5, 8.5], "texture": "#0"},
				"up": {"uv": [8.5, 7.5, 7.5, 6.5], "rotation": 180, "texture": "#0"},
				"down": {"uv": [9.5, 6.5, 8.5, 7.5], "rotation": 180, "texture": "#0"}
			}
		}
	],
	"display": {
		"thirdperson_righthand": {
			"rotation": [70, 0, 0],
			"translation": [0, 1.25, 1],
			"scale": [0.75, 0.75, 0.75]
		},
		"thirdperson_lefthand": {
			"rotation": [70, 0, 0],
			"translation": [0, 1.25, 1],
			"scale": [0.75, 0.75, 0.75]
		},
		"firstperson_righthand": {
			"rotation": [-180, 60, -180],
			"translation": [13.75, 2, -14.25]
		},
		"firstperson_lefthand": {
			"rotation": [-180, 60, -180],
			"translation": [13.75, 2, -14.25]
		},
		"ground": {
			"translation": [0, 3, 0],
			"scale": [0.5, 0.5, 0.5]
		},
		"gui": {
			"rotation": [30, 225, 0],
			"scale": [0.625, 0.625, 0.625]
		},
		"head": {
			"translation": [0, 14.5, 0]
		},
		"fixed": {
			"translation": [0, 0, -1]
		}
	}
}