{
	"credit": "Made with Blockbench",
	"texture_size": [32, 32],
	"textures": {
		"0": "tiretown:block/plushie/endermiteplushie",
		"particle": "tiretown:block/plushie/endermiteplushie"
	},
	"elements": [
		{
			"from": [6.47696, -0.57061, 4.91515],
			"to": [9.47696, 1.42939, 6.91515],
			"rotation": {"angle": 22.5, "axis": "x", "origin": [7.99602, 1.275, 8.39934]},
			"faces": {
				"north": {"uv": [1, 4.5, 2.5, 5.5], "texture": "#0"},
				"east": {"uv": [0, 4.5, 1, 5.5], "texture": "#0"},
				"south": {"uv": [3.5, 4.5, 5, 5.5], "texture": "#0"},
				"west": {"uv": [2.5, 4.5, 3.5, 5.5], "texture": "#0"},
				"up": {"uv": [2.5, 4.5, 1, 3.5], "texture": "#0"},
				"down": {"uv": [4, 3.5, 2.5, 4.5], "texture": "#0"}
			}
		},
		{
			"from": [6, 0, 6.25],
			"to": [10, 3, 10.25],
			"rotation": {"angle": 0, "axis": "y", "origin": [7.99602, 1.275, 8.39934]},
			"faces": {
				"north": {"uv": [2, 2, 4, 3.5], "texture": "#0"},
				"east": {"uv": [0, 2, 2, 3.5], "texture": "#0"},
				"south": {"uv": [6, 2, 8, 3.5], "texture": "#0"},
				"west": {"uv": [4, 2, 6, 3.5], "texture": "#0"},
				"up": {"uv": [4, 2, 2, 0], "texture": "#0"},
				"down": {"uv": [6, 0, 4, 2], "texture": "#0"}
			}
		},
		{
			"from": [6.51508, 0.25, 10.01803],
			"to": [9.51508, 2.25, 11.01803],
			"rotation": {"angle": 0, "axis": "y", "origin": [7.99602, 1.275, 8.39934]},
			"faces": {
				"north": {"uv": [5.5, 4, 7, 5], "texture": "#0"},
				"east": {"uv": [5, 4, 5.5, 5], "texture": "#0"},
				"south": {"uv": [7.5, 4, 9, 5], "texture": "#0"},
				"west": {"uv": [7, 4, 7.5, 5], "texture": "#0"},
				"up": {"uv": [7, 4, 5.5, 3.5], "texture": "#0"},
				"down": {"uv": [8.5, 3.5, 7, 4], "texture": "#0"}
			}
		},
		{
			"from": [7.51508, 0.55, 10.51803],
			"to": [8.51508, 1.55, 11.51803],
			"rotation": {"angle": 0, "axis": "x", "origin": [7.99602, 1.275, 8.39934]},
			"faces": {
				"north": {"uv": [0.5, 0.5, 1, 1], "texture": "#0"},
				"east": {"uv": [0, 0.5, 0.5, 1], "texture": "#0"},
				"south": {"uv": [1.5, 0.5, 2, 1], "texture": "#0"},
				"west": {"uv": [1, 0.5, 1.5, 1], "texture": "#0"},
				"up": {"uv": [1, 0.5, 0.5, 0], "texture": "#0"},
				"down": {"uv": [1.5, 0, 1, 0.5], "texture": "#0"}
			}
		}
	],
	"display": {
		"thirdperson_righthand": {
			"rotation": [60, 0, 0],
			"translation": [-0.5, 3.5, 3.25],
			"scale": [0.75, 0.75, 0.75]
		},
		"thirdperson_lefthand": {
			"rotation": [60, 0, 0],
			"translation": [-0.5, 3.5, 3.25],
			"scale": [0.75, 0.75, 0.75]
		},
		"firstperson_righthand": {
			"rotation": [-180, 60, -180],
			"translation": [13.75, 3.5, -14.25]
		},
		"firstperson_lefthand": {
			"rotation": [-180, 60, -180],
			"translation": [13.75, 3.5, -14.25]
		},
		"ground": {
			"translation": [0, 3, 0],
			"scale": [0.5, 0.5, 0.5]
		},
		"gui": {
			"rotation": [30, 225, 0],
			"scale": [0.625, 0.625, 0.625]
		},
		"head": {
			"translation": [0, 14.5, 0]
		},
		"fixed": {
			"translation": [0, 0, -1]
		}
	}
}