{
	"credit": "Made with Blockbench",
	"texture_size": [32, 32],
	"textures": {
		"0": "tiretown:block/plushie/redstonebugplushie",
		"particle": "tiretown:block/plushie/redstonebugplushie"
	},
	"elements": [
		{
			"from": [6.47696, 0.25, 3.84197],
			"to": [9.47696, 2.25, 5.84197],
			"rotation": {"angle": 22.5, "axis": "x", "origin": [8, 1.25, 5.35]},
			"faces": {
				"north": {"uv": [6, 5.5, 7.5, 6.5], "texture": "#0"},
				"east": {"uv": [5, 5.5, 6, 6.5], "texture": "#0"},
				"south": {"uv": [8.5, 5.5, 10, 6.5], "texture": "#0"},
				"west": {"uv": [7.5, 5.5, 8.5, 6.5], "texture": "#0"},
				"up": {"uv": [7.5, 5.5, 6, 4.5], "texture": "#0"},
				"down": {"uv": [9, 4.5, 7.5, 5.5], "texture": "#0"}
			}
		},
		{
			"from": [6, 0, 5.35],
			"to": [10, 3, 8.35],
			"rotation": {"angle": 0, "axis": "y", "origin": [7.28725, 1.75, 8.35226]},
			"faces": {
				"north": {"uv": [1.5, 1.5, 3.5, 3], "texture": "#0"},
				"east": {"uv": [0, 1.5, 1.5, 3], "texture": "#0"},
				"south": {"uv": [5, 1.5, 7, 3], "texture": "#0"},
				"west": {"uv": [3.5, 1.5, 5, 3], "texture": "#0"},
				"up": {"uv": [3.5, 1.5, 1.5, 0], "texture": "#0"},
				"down": {"uv": [5.5, 0, 3.5, 1.5], "texture": "#0"}
			}
		},
		{
			"from": [6.51508, 0.25, 7.86803],
			"to": [9.51508, 2.25, 10.86803],
			"rotation": {"angle": 0, "axis": "y", "origin": [8.01508, 1.85597, 8.39303]},
			"faces": {
				"north": {"uv": [1.5, 4.5, 3, 5.5], "texture": "#0"},
				"east": {"uv": [0, 4.5, 1.5, 5.5], "texture": "#0"},
				"south": {"uv": [4.5, 4.5, 6, 5.5], "texture": "#0"},
				"west": {"uv": [3, 4.5, 4.5, 5.5], "texture": "#0"},
				"up": {"uv": [3, 4.5, 1.5, 3], "texture": "#0"},
				"down": {"uv": [4.5, 3, 3, 4.5], "texture": "#0"}
			}
		},
		{
			"from": [7.01508, 0.8, 10.86803],
			"to": [9.01508, 1.8, 11.86803],
			"rotation": {"angle": 0, "axis": "x", "origin": [8.01508, 2.15597, 8.39303]},
			"faces": {
				"north": {"uv": [5, 3.5, 6, 4], "texture": "#0"},
				"east": {"uv": [4.5, 3.5, 5, 4], "texture": "#0"},
				"south": {"uv": [6.5, 3.5, 7.5, 4], "texture": "#0"},
				"west": {"uv": [6, 3.5, 6.5, 4], "texture": "#0"},
				"up": {"uv": [6, 3.5, 5, 3], "texture": "#0"},
				"down": {"uv": [7, 3, 6, 3.5], "texture": "#0"}
			}
		},
		{
			"from": [7.51508, 1.3, 11.61803],
			"to": [8.51508, 2.3, 12.61803],
			"rotation": {"angle": 0, "axis": "x", "origin": [8.01508, 2.40597, 8.39303]},
			"faces": {
				"north": {"uv": [0.5, 6, 1, 6.5], "texture": "#0"},
				"east": {"uv": [0, 6, 0.5, 6.5], "texture": "#0"},
				"south": {"uv": [1.5, 6, 2, 6.5], "texture": "#0"},
				"west": {"uv": [1, 6, 1.5, 6.5], "texture": "#0"},
				"up": {"uv": [1, 6, 0.5, 5.5], "texture": "#0"},
				"down": {"uv": [1.5, 5.5, 1, 6], "texture": "#0"}
			}
		},
		{
			"from": [5, 3, 5.35],
			"to": [11, 5, 5.35],
			"rotation": {"angle": 22.5, "axis": "x", "origin": [8, 3, 5.35]},
			"faces": {
				"north": {"uv": [7, 0, 10, 1], "texture": "#0"},
				"east": {"uv": [7, 0, 10, 1], "texture": "#0"},
				"south": {"uv": [7, 0, 10, 1], "texture": "#0"},
				"west": {"uv": [7, 0, 10, 1], "texture": "#0"},
				"up": {"uv": [7, 0, 10, 1], "texture": "#0"},
				"down": {"uv": [7, 0, 10, 1], "texture": "#0"}
			}
		},
		{
			"from": [10, 0, 5.35],
			"to": [11, 3, 5.35],
			"rotation": {"angle": -22.5, "axis": "y", "origin": [10, 1.5, 5.35]},
			"faces": {
				"north": {"uv": [7, 1, 7.5, 2.5], "texture": "#0"},
				"east": {"uv": [7, 1, 7.5, 2.5], "texture": "#0"},
				"south": {"uv": [9.5, 1, 10, 2.5], "texture": "#0"},
				"west": {"uv": [7, 1, 7.5, 2.5], "texture": "#0"},
				"up": {"uv": [7, 1, 7.5, 2.5], "texture": "#0"},
				"down": {"uv": [7, 1, 7.5, 2.5], "texture": "#0"}
			}
		},
		{
			"from": [5, 0, 5.35],
			"to": [6, 3, 5.35],
			"rotation": {"angle": 22.5, "axis": "y", "origin": [6, 1.5, 5.35]},
			"faces": {
				"north": {"uv": [9.5, 1, 10, 2.5], "texture": "#0"},
				"east": {"uv": [7, 1, 7.5, 2.5], "texture": "#0"},
				"south": {"uv": [7, 1, 7.5, 2.5], "texture": "#0"},
				"west": {"uv": [7, 1, 7.5, 2.5], "texture": "#0"},
				"up": {"uv": [7, 1, 7.5, 2.5], "texture": "#0"},
				"down": {"uv": [7, 1, 7.5, 2.5], "texture": "#0"}
			}
		},
		{
			"from": [6, 3, 8.35],
			"to": [10, 4, 8.35],
			"rotation": {"angle": 22.5, "axis": "x", "origin": [8, 3, 8.35]},
			"faces": {
				"north": {"uv": [10.5, 0.5, 12.5, 1], "texture": "#0"},
				"east": {"uv": [10.5, 0.5, 12.5, 1], "texture": "#0"},
				"south": {"uv": [10.5, 0.5, 12.5, 1], "texture": "#0"},
				"west": {"uv": [10.5, 0.5, 12.5, 1], "texture": "#0"},
				"up": {"uv": [10.5, 0.5, 12.5, 1], "texture": "#0"},
				"down": {"uv": [10.5, 0.5, 12.5, 1], "texture": "#0"}
			}
		},
		{
			"from": [10, 0, 8.35],
			"to": [11, 4, 8.35],
			"rotation": {"angle": -22.5, "axis": "y", "origin": [10, 2, 8.35]},
			"faces": {
				"north": {"uv": [10, 0.5, 10.5, 2.5], "texture": "#0"},
				"east": {"uv": [10.5, 0.5, 12.5, 1], "texture": "#0"},
				"south": {"uv": [12.5, 0.5, 13, 2.5], "texture": "#0"},
				"west": {"uv": [10.5, 0.5, 12.5, 1], "texture": "#0"},
				"up": {"uv": [10.5, 0.5, 12.5, 1], "texture": "#0"},
				"down": {"uv": [10.5, 0.5, 12.5, 1], "texture": "#0"}
			}
		},
		{
			"from": [5, 0, 8.35],
			"to": [6, 4, 8.35],
			"rotation": {"angle": 22.5, "axis": "y", "origin": [6, 2, 8.35]},
			"faces": {
				"north": {"uv": [12.5, 0.5, 13, 2.5], "texture": "#0"},
				"east": {"uv": [10.5, 0.5, 12.5, 1], "texture": "#0"},
				"south": {"uv": [10, 0.5, 10.5, 2.5], "texture": "#0"},
				"west": {"uv": [10.5, 0.5, 12.5, 1], "texture": "#0"},
				"up": {"uv": [10.5, 0.5, 12.5, 1], "texture": "#0"},
				"down": {"uv": [10.5, 0.5, 12.5, 1], "texture": "#0"}
			}
		},
		{
			"from": [5.51508, 3.16715, 10.52884],
			"to": [10.51508, 4.16715, 10.52884],
			"rotation": {"angle": 22.5, "axis": "x", "origin": [8.01508, 1.85597, 8.39303]},
			"faces": {
				"north": {"uv": [13, 1, 15.5, 1.5], "texture": "#0"},
				"east": {"uv": [13, 1, 15.5, 2.5], "texture": "#0"},
				"south": {"uv": [13, 1, 15.5, 1.5], "texture": "#0"},
				"west": {"uv": [13, 1, 15.5, 2.5], "texture": "#0"},
				"up": {"uv": [13, 1, 15.5, 2.5], "texture": "#0"},
				"down": {"uv": [13, 1, 15.5, 2.5], "texture": "#0"}
			}
		},
		{
			"from": [4.68212, 0.25, 10.10561],
			"to": [5.68212, 2.25, 10.10561],
			"rotation": {"angle": 22.5, "axis": "y", "origin": [8.01508, 1.85597, 8.39303]},
			"faces": {
				"north": {"uv": [15, 1.5, 15.5, 2.5], "texture": "#0"},
				"east": {"uv": [13, 1.5, 13.5, 2.5], "texture": "#0"},
				"south": {"uv": [13, 1.5, 13.5, 2.5], "texture": "#0"},
				"west": {"uv": [13, 1.5, 13.5, 2.5], "texture": "#0"},
				"up": {"uv": [13, 1.5, 13.5, 2.5], "texture": "#0"},
				"down": {"uv": [13, 1.5, 13.5, 2.5], "texture": "#0"}
			}
		},
		{
			"from": [10.34804, 0.25, 10.10561],
			"to": [11.34804, 2.25, 10.10561],
			"rotation": {"angle": -22.5, "axis": "y", "origin": [8.01508, 1.85597, 8.39303]},
			"faces": {
				"north": {"uv": [13, 1.5, 13.5, 2.5], "texture": "#0"},
				"east": {"uv": [15, 1.5, 15.5, 2.5], "texture": "#0"},
				"south": {"uv": [15, 1.5, 15.5, 2.5], "texture": "#0"},
				"west": {"uv": [15, 1.5, 15.5, 2.5], "texture": "#0"},
				"up": {"uv": [15, 1.5, 15.5, 2.5], "texture": "#0"},
				"down": {"uv": [15, 1.5, 15.5, 2.5], "texture": "#0"}
			}
		}
	],
	"display": {
		"thirdperson_righthand": {
			"rotation": [60, 0, 0],
			"translation": [0, 3.5, 3.25],
			"scale": [0.75, 0.75, 0.75]
		},
		"thirdperson_lefthand": {
			"rotation": [60, 0, 0],
			"translation": [0, 3.5, 3.25],
			"scale": [0.75, 0.75, 0.75]
		},
		"firstperson_righthand": {
			"rotation": [-180, 60, -180],
			"translation": [13.75, 3.5, -14.25]
		},
		"firstperson_lefthand": {
			"rotation": [-180, 60, -180],
			"translation": [13.75, 3.5, -14.25]
		},
		"ground": {
			"translation": [0, 3, 0],
			"scale": [0.5, 0.5, 0.5]
		},
		"gui": {
			"rotation": [30, 225, 0],
			"scale": [0.625, 0.625, 0.625]
		},
		"head": {
			"translation": [0, 14.5, 0]
		},
		"fixed": {
			"translation": [0, 0, -1]
		}
	}
}