{
	"credit": "Made with Blockbench",
	"texture_size": [32, 32],
	"textures": {
		"0": "tiretown:block/plushie/spiderplushie",
		"particle": "tiretown:block/plushie/spiderplushie"
	},
	"elements": [
		{
			"from": [6, 0.6, 3],
			"to": [10, 4.6, 7],
			"rotation": {"angle": 0, "axis": "y", "origin": [6, 1, 3]},
			"faces": {
				"north": {"uv": [2, 6, 4, 8], "texture": "#0"},
				"east": {"uv": [0, 6, 2, 8], "texture": "#0"},
				"south": {"uv": [6, 6, 8, 8], "texture": "#0"},
				"west": {"uv": [4, 6, 6, 8], "texture": "#0"},
				"up": {"uv": [4, 6, 2, 4], "texture": "#0"},
				"down": {"uv": [6, 4, 4, 6], "texture": "#0"}
			}
		},
		{
			"from": [6.5, 0.85, 7],
			"to": [9.5, 2.85, 9],
			"rotation": {"angle": 0, "axis": "y", "origin": [7, 1.25, 7]},
			"faces": {
				"north": {"uv": [1, 9, 2.5, 10], "texture": "#0"},
				"east": {"uv": [0, 9, 1, 10], "texture": "#0"},
				"south": {"uv": [3.5, 9, 5, 10], "texture": "#0"},
				"west": {"uv": [2.5, 9, 3.5, 10], "texture": "#0"},
				"up": {"uv": [2.5, 9, 1, 8], "texture": "#0"},
				"down": {"uv": [4, 8, 2.5, 9], "texture": "#0"}
			}
		},
		{
			"from": [6, 0.6, 9],
			"to": [10, 3.6, 14],
			"rotation": {"angle": 0, "axis": "y", "origin": [7, 1, 9]},
			"faces": {
				"north": {"uv": [2.5, 2.5, 4.5, 4], "texture": "#0"},
				"east": {"uv": [0, 2.5, 2.5, 4], "texture": "#0"},
				"south": {"uv": [7, 2.5, 9, 4], "texture": "#0"},
				"west": {"uv": [4.5, 2.5, 7, 4], "texture": "#0"},
				"up": {"uv": [4.5, 2.5, 2.5, 0], "texture": "#0"},
				"down": {"uv": [6.5, 0, 4.5, 2.5], "texture": "#0"}
			}
		},
		{
			"from": [1.88806, 0, 8.44134],
			"to": [6.88806, 1, 9.44134],
			"rotation": {"angle": 22.5, "axis": "y", "origin": [4.88806, 0.5, 8.94134]},
			"faces": {
				"north": {"uv": [9.5, 0.5, 7, 1], "texture": "#0"},
				"east": {"uv": [10, 0.5, 9.5, 1], "texture": "#0"},
				"south": {"uv": [12.5, 0.5, 10, 1], "texture": "#0"},
				"west": {"uv": [7, 0.5, 6.5, 1], "texture": "#0"},
				"up": {"uv": [7, 0.5, 9.5, 0], "texture": "#0"},
				"down": {"uv": [9.5, 0, 12, 0.5], "texture": "#0"}
			}
		},
		{
			"from": [1.88806, 0, 6.55866],
			"to": [6.88806, 1, 7.55866],
			"rotation": {"angle": -22.5, "axis": "y", "origin": [4.88806, 0.5, 7.05866]},
			"faces": {
				"north": {"uv": [9.5, 0.5, 7, 1], "texture": "#0"},
				"east": {"uv": [10, 0.5, 9.5, 1], "texture": "#0"},
				"south": {"uv": [12.5, 0.5, 10, 1], "texture": "#0"},
				"west": {"uv": [7, 0.5, 6.5, 1], "texture": "#0"},
				"up": {"uv": [7, 0.5, 9.5, 0], "texture": "#0"},
				"down": {"uv": [9.5, 0, 12, 0.5], "texture": "#0"}
			}
		},
		{
			"from": [8.35355, 0, 5.29645],
			"to": [13.35355, 1, 6.29645],
			"rotation": {"angle": 45, "axis": "y", "origin": [10.35355, 0.5, 5.79645]},
			"faces": {
				"north": {"uv": [7, 0.5, 9.5, 1], "texture": "#0"},
				"east": {"uv": [6.5, 0.5, 7, 1], "texture": "#0"},
				"south": {"uv": [10, 0.5, 12.5, 1], "texture": "#0"},
				"west": {"uv": [9.5, 0.5, 10, 1], "texture": "#0"},
				"up": {"uv": [9.5, 0.5, 7, 0], "texture": "#0"},
				"down": {"uv": [12, 0, 9.5, 0.5], "texture": "#0"}
			}
		},
		{
			"from": [2.64645, 0, 5.29645],
			"to": [7.64645, 1, 6.29645],
			"rotation": {"angle": -45, "axis": "y", "origin": [5.64645, 0.5, 5.79645]},
			"faces": {
				"north": {"uv": [9.5, 0.5, 7, 1], "texture": "#0"},
				"east": {"uv": [10, 0.5, 9.5, 1], "texture": "#0"},
				"south": {"uv": [12.5, 0.5, 10, 1], "texture": "#0"},
				"west": {"uv": [7, 0.5, 6.5, 1], "texture": "#0"},
				"up": {"uv": [7, 0.5, 9.5, 0], "texture": "#0"},
				"down": {"uv": [9.5, 0, 12, 0.5], "texture": "#0"}
			}
		},
		{
			"from": [8.3536, 0, 9.7464],
			"to": [13.3536, 1, 10.7464],
			"rotation": {"angle": -45, "axis": "y", "origin": [10.3536, 0.5, 10.2464]},
			"faces": {
				"north": {"uv": [7, 0.5, 9.5, 1], "texture": "#0"},
				"east": {"uv": [6.5, 0.5, 7, 1], "texture": "#0"},
				"south": {"uv": [10, 0.5, 12.5, 1], "texture": "#0"},
				"west": {"uv": [9.5, 0.5, 10, 1], "texture": "#0"},
				"up": {"uv": [9.5, 0.5, 7, 0], "texture": "#0"},
				"down": {"uv": [12, 0, 9.5, 0.5], "texture": "#0"}
			}
		},
		{
			"from": [9.11194, 0, 6.55866],
			"to": [14.11194, 1, 7.55866],
			"rotation": {"angle": 22.5, "axis": "y", "origin": [11.11194, 0.5, 7.05866]},
			"faces": {
				"north": {"uv": [7, 0.5, 9.5, 1], "texture": "#0"},
				"east": {"uv": [6.5, 0.5, 7, 1], "texture": "#0"},
				"south": {"uv": [10, 0.5, 12.5, 1], "texture": "#0"},
				"west": {"uv": [9.5, 0.5, 10, 1], "texture": "#0"},
				"up": {"uv": [9.5, 0.5, 7, 0], "texture": "#0"},
				"down": {"uv": [12, 0, 9.5, 0.5], "texture": "#0"}
			}
		},
		{
			"from": [9.11194, 0, 8.44134],
			"to": [14.11194, 1, 9.44134],
			"rotation": {"angle": -22.5, "axis": "y", "origin": [11.11194, 0.5, 8.94134]},
			"faces": {
				"north": {"uv": [7, 0.5, 9.5, 1], "texture": "#0"},
				"east": {"uv": [6.5, 0.5, 7, 1], "texture": "#0"},
				"south": {"uv": [10, 0.5, 12.5, 1], "texture": "#0"},
				"west": {"uv": [9.5, 0.5, 10, 1], "texture": "#0"},
				"up": {"uv": [9.5, 0.5, 7, 0], "texture": "#0"},
				"down": {"uv": [12, 0, 9.5, 0.5], "texture": "#0"}
			}
		},
		{
			"from": [2.6464, 0, 9.7464],
			"to": [7.6464, 1, 10.7464],
			"rotation": {"angle": 45, "axis": "y", "origin": [5.6464, 0.5, 10.2464]},
			"faces": {
				"north": {"uv": [9.5, 0.5, 7, 1], "texture": "#0"},
				"east": {"uv": [10, 0.5, 9.5, 1], "texture": "#0"},
				"south": {"uv": [12.5, 0.5, 10, 1], "texture": "#0"},
				"west": {"uv": [7, 0.5, 6.5, 1], "texture": "#0"},
				"up": {"uv": [7, 0.5, 9.5, 0], "texture": "#0"},
				"down": {"uv": [9.5, 0, 12, 0.5], "texture": "#0"}
			}
		}
	],
	"display": {
		"thirdperson_righthand": {
			"rotation": [60, 0, 0],
			"translation": [-0.25, 3.25, 1.5],
			"scale": [0.75, 0.75, 0.75]
		},
		"thirdperson_lefthand": {
			"rotation": [60, 0, 0],
			"translation": [-0.25, 3.25, 1.5],
			"scale": [0.75, 0.75, 0.75]
		},
		"firstperson_righthand": {
			"rotation": [-180, 60, -180],
			"translation": [13.75, 4, -14.25]
		},
		"firstperson_lefthand": {
			"rotation": [-180, 60, -180],
			"translation": [13.75, 4, -14.25]
		},
		"ground": {
			"translation": [0, 3, 0],
			"scale": [0.5, 0.5, 0.5]
		},
		"gui": {
			"rotation": [30, 225, 0],
			"scale": [0.625, 0.625, 0.625]
		},
		"head": {
			"translation": [0, 14.5, 0]
		},
		"fixed": {
			"translation": [0, 0, -1]
		}
	}
}