{
	"credit": "Made by Tackish and FlatTire with Blockbench",
	"texture_size": [32, 32],
	"textures": {
		"1": "tiretown:block/plushie/turtleplushie"
	},
	"elements": [
		{
			"from": [4, 1.1, 4.75],
			"to": [12, 3.1, 12.75],
			"rotation": {"angle": 0, "axis": "y", "origin": [0, 0, 0.75]},
			"faces": {
				"north": {"uv": [4, 4, 8, 5], "texture": "#1"},
				"east": {"uv": [0, 4, 4, 5], "texture": "#1"},
				"south": {"uv": [12, 4, 16, 5], "texture": "#1"},
				"west": {"uv": [8, 4, 12, 5], "texture": "#1"},
				"up": {"uv": [8, 4, 4, 0], "texture": "#1"},
				"down": {"uv": [12, 0, 8, 4], "texture": "#1"}
			}
		},
		{
			"from": [5, 0.1, 4.75],
			"to": [11, 1.1, 11.75],
			"rotation": {"angle": 0, "axis": "y", "origin": [0, 0, 0.75]},
			"faces": {
				"north": {"uv": [3.5, 8.5, 6.5, 9], "texture": "#1"},
				"east": {"uv": [0, 8.5, 3.5, 9], "texture": "#1"},
				"south": {"uv": [10, 8.5, 13, 9], "texture": "#1"},
				"west": {"uv": [6.5, 8.5, 10, 9], "texture": "#1"},
				"up": {"uv": [6.5, 8.5, 3.5, 5], "texture": "#1"},
				"down": {"uv": [9.5, 5, 6.5, 8.5], "texture": "#1"}
			}
		},
		{
			"from": [6.5, 1.55, 1.65],
			"to": [9.5, 4.55, 4.65],
			"rotation": {"angle": 22.5, "axis": "x", "origin": [8, 2, 3.25]},
			"faces": {
				"north": {"uv": [1.5, 10.5, 3, 12], "texture": "#1"},
				"east": {"uv": [0, 10.5, 1.5, 12], "texture": "#1"},
				"south": {"uv": [4.5, 10.5, 6, 12], "texture": "#1"},
				"west": {"uv": [3, 10.5, 4.5, 12], "texture": "#1"},
				"up": {"uv": [3, 10.5, 1.5, 9], "texture": "#1"},
				"down": {"uv": [4.5, 9, 3, 10.5], "texture": "#1"}
			}
		},
		{
			"from": [2.25, 0, 4.75],
			"to": [6.25, 1, 6.75],
			"rotation": {"angle": -45, "axis": "y", "origin": [5, 0.25, 5.75]},
			"faces": {
				"north": {"uv": [12.5, 6, 10.5, 6.5], "texture": "#1"},
				"east": {"uv": [13.5, 6, 12.5, 6.5], "texture": "#1"},
				"south": {"uv": [15.5, 6, 13.5, 6.5], "texture": "#1"},
				"west": {"uv": [10.5, 6, 9.5, 6.5], "texture": "#1"},
				"up": {"uv": [10.5, 6, 12.5, 5], "texture": "#1"},
				"down": {"uv": [12.5, 5, 14.5, 6], "texture": "#1"}
			}
		},
		{
			"from": [4.85247, 0, 10.51902],
			"to": [6.85247, 1, 14.51902],
			"rotation": {"angle": -22.5, "axis": "y", "origin": [5.75, 0.25, 10.5]},
			"faces": {
				"north": {"uv": [9, 11, 8, 11.5], "texture": "#1"},
				"east": {"uv": [11, 11, 9, 11.5], "texture": "#1"},
				"south": {"uv": [12, 11, 11, 11.5], "texture": "#1"},
				"west": {"uv": [8, 11, 6, 11.5], "texture": "#1"},
				"up": {"uv": [8, 11, 9, 9], "texture": "#1"},
				"down": {"uv": [9, 9, 10, 11], "texture": "#1"}
			}
		},
		{
			"from": [9.14753, 0, 10.51902],
			"to": [11.14753, 1, 14.51902],
			"rotation": {"angle": 22.5, "axis": "y", "origin": [10.25, 0.25, 10.5]},
			"faces": {
				"north": {"uv": [8, 11, 9, 11.5], "texture": "#1"},
				"east": {"uv": [6, 11, 8, 11.5], "texture": "#1"},
				"south": {"uv": [11, 11, 12, 11.5], "texture": "#1"},
				"west": {"uv": [9, 11, 11, 11.5], "texture": "#1"},
				"up": {"uv": [9, 11, 8, 9], "texture": "#1"},
				"down": {"uv": [10, 9, 9, 11], "texture": "#1"}
			}
		},
		{
			"from": [9.75, 0, 4.75],
			"to": [13.75, 1, 6.75],
			"rotation": {"angle": 45, "axis": "y", "origin": [11, 0.25, 5.75]},
			"faces": {
				"north": {"uv": [10.5, 6, 12.5, 6.5], "texture": "#1"},
				"east": {"uv": [9.5, 6, 10.5, 6.5], "texture": "#1"},
				"south": {"uv": [13.5, 6, 15.5, 6.5], "texture": "#1"},
				"west": {"uv": [12.5, 6, 13.5, 6.5], "texture": "#1"},
				"up": {"uv": [12.5, 6, 10.5, 5], "texture": "#1"},
				"down": {"uv": [14.5, 5, 12.5, 6], "texture": "#1"}
			}
		}
	],
	"display": {
		"thirdperson_righthand": {
			"rotation": [60, 0, 0],
			"translation": [0, 3.25, 1.5],
			"scale": [0.75, 0.75, 0.75]
		},
		"thirdperson_lefthand": {
			"rotation": [60, 0, 0],
			"translation": [0, 3.25, 1.5],
			"scale": [0.75, 0.75, 0.75]
		},
		"firstperson_righthand": {
			"rotation": [-180, 60, -180],
			"translation": [13.75, 4, -14.25]
		},
		"firstperson_lefthand": {
			"rotation": [-180, 60, -180],
			"translation": [13.75, 4, -14.25]
		},
		"ground": {
			"translation": [0, 3, 0],
			"scale": [0.5, 0.5, 0.5]
		},
		"gui": {
			"rotation": [30, 225, 0],
			"scale": [0.625, 0.625, 0.625]
		},
		"head": {
			"translation": [0, 14.5, 0]
		},
		"fixed": {
			"translation": [0, 0, -1]
		}
	}
}