{
  "parent": "minecraft:item/generated",
  "textures": {
    "layer0": "minecraft:item/arrow"
  },
   "overrides":
   [
		{"predicate":{"custom_model_data":1},"model":"tiretown:item/leftarrow"},
		{"predicate":{"custom_model_data":2},"model":"tiretown:item/rightarrow"},
		{"predicate":{"custom_model_data":3},"model":"tiretown:item/uparrow"},
		{"predicate":{"custom_model_data":4},"model":"tiretown:item/downarrow"},
		{"predicate":{"custom_model_data":5},"model":"tiretown:item/backarrow"}
   ]
}