{
    "parent": "item/handheld_rod",
    "textures": {
        "layer0": "item/fishing_rod"
    },
    "overrides": [
        {
            "predicate": {
                "cast": 1
            },
            "model": "item/fishing_rod_cast"
        },
        {
            "predicate": {
                "custom_model_data": 1
            },
            "model": "tiretown:item/grapplinghook"
        },
        {
            "predicate": {
                "custom_model_data": 1,
                "cast": 1
            },
            "model": "tiretown:item/grapplinghookshot"
        }
    ]
}
