{
  "parent": "minecraft:item/generated",
  "textures": {
    "layer0": "minecraft:item/paper"
  },
   "overrides":
   [
		{"predicate":{"custom_model_data":1000},"model":"tiretown:item/plushie/flattiplushie"},
		{"predicate":{"custom_model_data":1001},"model":"tiretown:item/plushie/tackplushie"},
		{"predicate":{"custom_model_data":1002},"model":"tiretown:item/plushie/jayfplushie"},
		{"predicate":{"custom_model_data":1003},"model":"tiretown:item/plushie/toxumiplushie"},
		{"predicate":{"custom_model_data":1004},"model":"tiretown:item/plushie/benbyyplushie"},
		{"predicate":{"custom_model_data":1005},"model":"tiretown:item/plushie/mariskaplushie"},
		{"predicate":{"custom_model_data":1006},"model":"tiretown:item/plushie/daisyplushie"},
		{"predicate":{"custom_model_data":1100},"model":"tiretown:item/plushie/zombieplushie"},
		{"predicate":{"custom_model_data":1101},"model":"tiretown:item/plushie/drownedplushie"},
		{"predicate":{"custom_model_data":1102},"model":"tiretown:item/plushie/huskplushie"},
		{"predicate":{"custom_model_data":1110},"model":"tiretown:item/plushie/endermanplushie"},
		{"predicate":{"custom_model_data":1120},"model":"tiretown:item/plushie/piglinplushie1"},
		{"predicate":{"custom_model_data":1121},"model":"tiretown:item/plushie/piglinplushie2"},
		{"predicate":{"custom_model_data":1122},"model":"tiretown:item/plushie/piglinbruteplushie"},
		{"predicate":{"custom_model_data":1123},"model":"tiretown:item/plushie/zombiepiglinplushie"},
		{"predicate":{"custom_model_data":1130},"model":"tiretown:item/plushie/creeperplushie"},
		{"predicate":{"custom_model_data":1140},"model":"tiretown:item/plushie/skeletonplushie"},
		{"predicate":{"custom_model_data":1400},"model":"tiretown:item/plushie/sheepplushie"},
		{"predicate":{"custom_model_data":1401},"model":"tiretown:item/plushie/lightgraysheepplushie"},
		{"predicate":{"custom_model_data":1402},"model":"tiretown:item/plushie/graysheepplushie"},
		{"predicate":{"custom_model_data":1403},"model":"tiretown:item/plushie/blacksheepplushie"},
		{"predicate":{"custom_model_data":1404},"model":"tiretown:item/plushie/pinksheepplushie"},
		{"predicate":{"custom_model_data":1405},"model":"tiretown:item/plushie/magentasheepplushie"},
		{"predicate":{"custom_model_data":1406},"model":"tiretown:item/plushie/purplesheepplushie"},
		{"predicate":{"custom_model_data":1407},"model":"tiretown:item/plushie/redsheepplushie"},
		{"predicate":{"custom_model_data":1408},"model":"tiretown:item/plushie/brownsheepplushie"},
		{"predicate":{"custom_model_data":1409},"model":"tiretown:item/plushie/orangesheepplushie"},
		{"predicate":{"custom_model_data":1410},"model":"tiretown:item/plushie/yellowsheepplushie"},
		{"predicate":{"custom_model_data":1411},"model":"tiretown:item/plushie/limesheepplushie"},
		{"predicate":{"custom_model_data":1412},"model":"tiretown:item/plushie/greensheepplushie"},
		{"predicate":{"custom_model_data":1413},"model":"tiretown:item/plushie/bluesheepplushie"},
		{"predicate":{"custom_model_data":1414},"model":"tiretown:item/plushie/cyansheepplushie"},
		{"predicate":{"custom_model_data":1415},"model":"tiretown:item/plushie/lightbluesheepplushie"},
		{"predicate":{"custom_model_data":1416},"model":"tiretown:item/plushie/jebsheepplushie"},
		{"predicate":{"custom_model_data":1420},"model":"tiretown:item/plushie/cowplushie"},
		{"predicate":{"custom_model_data":1421},"model":"tiretown:item/plushie/mooshroomplushie"},
		{"predicate":{"custom_model_data":1422},"model":"tiretown:item/plushie/brownmooshroomplushie"},
		{"predicate":{"custom_model_data":1423},"model":"tiretown:item/plushie/moobloomplushie"},
		{"predicate":{"custom_model_data":1430},"model":"tiretown:item/plushie/pigplushie"},
		{"predicate":{"custom_model_data":1440},"model":"tiretown:item/plushie/chickenplushie"},
		{"predicate":{"custom_model_data":1450},"model":"tiretown:item/plushie/beeplushie"},
		{"predicate":{"custom_model_data":1460},"model":"tiretown:item/plushie/turtleplushie"},
		{"predicate":{"custom_model_data":1700},"model":"tiretown:item/plushie/steveplushie"},
		{"predicate":{"custom_model_data":1701},"model":"tiretown:item/plushie/herobrineplushie"},
		{"predicate":{"custom_model_data":1702},"model":"tiretown:item/plushie/leftsteveplushie"},
		{"predicate":{"custom_model_data":1703},"model":"tiretown:item/plushie/snowgolemplushie"},
		{"predicate":{"custom_model_data":2000},"model":"tiretown:item/star"},
		{"predicate":{"custom_model_data":3000},"model":"tiretown:block/mailbox"},
		{"predicate":{"custom_model_data":4000},"model":"tiretown:block/stonetire"},
		{"predicate":{"custom_model_data":5000},"model":"tiretown:block/twobirdssign"},
		{"predicate":{"custom_model_data":5001},"model":"tiretown:item/tb1"},
		{"predicate":{"custom_model_data":5002},"model":"tiretown:item/tb2"},
		{"predicate":{"custom_model_data":5003},"model":"tiretown:item/tb3"},
		{"predicate":{"custom_model_data":5004},"model":"tiretown:item/tb4"},
		{"predicate":{"custom_model_data":5005},"model":"tiretown:item/tb5"},
		{"predicate":{"custom_model_data":5006},"model":"tiretown:item/tb6"},
		{"predicate":{"custom_model_data":5007},"model":"tiretown:item/tb7"},
		{"predicate":{"custom_model_data":5008},"model":"tiretown:item/tb8"},
		{"predicate":{"custom_model_data":5010},"model":"tiretown:block/thepatchsign"},
		{"predicate":{"custom_model_data":6000},"model":"tiretown:block/waystone"},
		{"predicate":{"custom_model_data":7000},"model":"tiretown:block/bouquet/tacks_order"},
		{"predicate":{"custom_model_data":7001},"model":"tiretown:block/bouquet/tires_order"},
		{"predicate":{"custom_model_data":7100},"model":"tiretown:block/bouquet/spring_bouquet"},
		{"predicate":{"custom_model_data":7101},"model":"tiretown:block/bouquet/bloom_bouquet"},
		{"predicate":{"custom_model_data":7102},"model":"tiretown:block/bouquet/solstice_bouquet"},
		{"predicate":{"custom_model_data":8000},"model":"tiretown:block/gravestone"},
		{"predicate":{"custom_model_data":9000},"model":"tiretown:block/mini_tardis"},
		{"predicate":{"custom_model_data":10000},"model":"tiretown:item/postcard/boo_heart_postcard"},
		{"predicate":{"custom_model_data":10001},"model":"tiretown:item/postcard/nether_run_postcard"},
		{"predicate":{"custom_model_data":10002},"model":"tiretown:item/postcard/good_night_postcard"},
		{"predicate":{"custom_model_data":10003},"model":"tiretown:item/postcard/welcome_postcard"},
		{"predicate":{"custom_model_data":10004},"model":"tiretown:item/postcard/birthday_postcard"},
		{"predicate":{"custom_model_data":11000},"model":"tiretown:block/display_case"}
   ]
}