{
  "parent": "minecraft:item/generated",
  "textures": {
    "layer0": "minecraft:item/paper"
  },
   "overrides":
   [
		{"predicate":{"custom_model_data":1000},"model":"tiretown:item/flattiplushie"},
		{"predicate":{"custom_model_data":1001},"model":"tiretown:item/tackplushie"},
		{"predicate":{"custom_model_data":1002},"model":"tiretown:item/jayfplushie"},
		{"predicate":{"custom_model_data":1003},"model":"tiretown:item/toxumiplushie"},
		{"predicate":{"custom_model_data":1004},"model":"tiretown:item/benbyyplushie"},
		{"predicate":{"custom_model_data":1005},"model":"tiretown:item/mariskaplushie"},
		{"predicate":{"custom_model_data":1006},"model":"tiretown:item/daisyplushie"},
		{"predicate":{"custom_model_data":1100},"model":"tiretown:item/zombieplushie"},
		{"predicate":{"custom_model_data":1101},"model":"tiretown:item/drownedplushie"},
		{"predicate":{"custom_model_data":1102},"model":"tiretown:item/huskplushie"},
		{"predicate":{"custom_model_data":1110},"model":"tiretown:item/endermanplushie"},
		{"predicate":{"custom_model_data":1120},"model":"tiretown:item/piglinplushie1"},
		{"predicate":{"custom_model_data":1121},"model":"tiretown:item/piglinplushie2"},
		{"predicate":{"custom_model_data":1122},"model":"tiretown:item/piglinbruteplushie"},
		{"predicate":{"custom_model_data":1123},"model":"tiretown:item/zombiepiglinplushie"},
		{"predicate":{"custom_model_data":1130},"model":"tiretown:item/creeperplushie"},
		{"predicate":{"custom_model_data":1400},"model":"tiretown:item/sheepplushie"},
		{"predicate":{"custom_model_data":1401},"model":"tiretown:item/lightgraysheepplushie"},
		{"predicate":{"custom_model_data":1402},"model":"tiretown:item/graysheepplushie"},
		{"predicate":{"custom_model_data":1403},"model":"tiretown:item/blacksheepplushie"},
		{"predicate":{"custom_model_data":1404},"model":"tiretown:item/pinksheepplushie"},
		{"predicate":{"custom_model_data":1405},"model":"tiretown:item/magentasheepplushie"},
		{"predicate":{"custom_model_data":1406},"model":"tiretown:item/purplesheepplushie"},
		{"predicate":{"custom_model_data":1407},"model":"tiretown:item/redsheepplushie"},
		{"predicate":{"custom_model_data":1408},"model":"tiretown:item/brownsheepplushie"},
		{"predicate":{"custom_model_data":1409},"model":"tiretown:item/orangesheepplushie"},
		{"predicate":{"custom_model_data":1410},"model":"tiretown:item/yellowsheepplushie"},
		{"predicate":{"custom_model_data":1411},"model":"tiretown:item/limesheepplushie"},
		{"predicate":{"custom_model_data":1412},"model":"tiretown:item/greensheepplushie"},
		{"predicate":{"custom_model_data":1413},"model":"tiretown:item/bluesheepplushie"},
		{"predicate":{"custom_model_data":1414},"model":"tiretown:item/cyansheepplushie"},
		{"predicate":{"custom_model_data":1415},"model":"tiretown:item/lightbluesheepplushie"},
		{"predicate":{"custom_model_data":1416},"model":"tiretown:item/jebsheepplushie"},
		{"predicate":{"custom_model_data":1420},"model":"tiretown:item/cowplushie"},
		{"predicate":{"custom_model_data":1421},"model":"tiretown:item/mooshroomplushie"},
		{"predicate":{"custom_model_data":1422},"model":"tiretown:item/brownmooshroomplushie"},
		{"predicate":{"custom_model_data":1423},"model":"tiretown:item/moobloomplushie"},
		{"predicate":{"custom_model_data":1430},"model":"tiretown:item/pigplushie"},
		{"predicate":{"custom_model_data":1440},"model":"tiretown:item/chickenplushie"},
		{"predicate":{"custom_model_data":1700},"model":"tiretown:item/steveplushie"},
		{"predicate":{"custom_model_data":1701},"model":"tiretown:item/herobrineplushie"},
		{"predicate":{"custom_model_data":1702},"model":"tiretown:item/leftsteveplushie"},
		{"predicate":{"custom_model_data":1703},"model":"tiretown:item/snowgolemplushie"},
		{"predicate":{"custom_model_data":2000},"model":"tiretown:item/star"},
		{"predicate":{"custom_model_data":3000},"model":"tiretown:block/mailbox"},
		{"predicate":{"custom_model_data":4000},"model":"tiretown:block/stonetire"},
		{"predicate":{"custom_model_data":5000},"model":"tiretown:block/twobirdssign"},
		{"predicate":{"custom_model_data":5001},"model":"tiretown:item/tb1"},
		{"predicate":{"custom_model_data":5002},"model":"tiretown:item/tb2"},
		{"predicate":{"custom_model_data":5003},"model":"tiretown:item/tb3"},
		{"predicate":{"custom_model_data":5004},"model":"tiretown:item/tb4"},
		{"predicate":{"custom_model_data":5005},"model":"tiretown:item/tb5"},
		{"predicate":{"custom_model_data":5006},"model":"tiretown:item/tb6"},
		{"predicate":{"custom_model_data":5007},"model":"tiretown:item/tb7"},
		{"predicate":{"custom_model_data":5008},"model":"tiretown:item/tb8"},
		{"predicate":{"custom_model_data":5010},"model":"tiretown:block/thepatchsign"},
		{"predicate":{"custom_model_data":6000},"model":"tiretown:block/waystone"}
   ]
}