{
  "parent": "minecraft:item/generated",
  "textures": {
    "layer0": "minecraft:item/paper"
  },
   "overrides":
   [
		{"predicate":{"custom_model_data":1000},"model":"vsmp:item/flattiplushie"},
		{"predicate":{"custom_model_data":1001},"model":"vsmp:item/tackplushie"},
		{"predicate":{"custom_model_data":1002},"model":"vsmp:item/jayfplushie"},
		{"predicate":{"custom_model_data":1003},"model":"vsmp:item/toxumiplushie"},
		{"predicate":{"custom_model_data":1004},"model":"vsmp:item/benbyyplushie"},
		{"predicate":{"custom_model_data":1005},"model":"vsmp:item/mariskaplushie"},
		{"predicate":{"custom_model_data":1100},"model":"vsmp:item/zombieplushie"},
		{"predicate":{"custom_model_data":1101},"model":"vsmp:item/drownedplushie"},
		{"predicate":{"custom_model_data":1102},"model":"vsmp:item/huskplushie"},
		{"predicate":{"custom_model_data":1110},"model":"vsmp:item/endermanplushie"},
		{"predicate":{"custom_model_data":1120},"model":"vsmp:item/piglinplushie1"},
		{"predicate":{"custom_model_data":1121},"model":"vsmp:item/piglinplushie2"},
		{"predicate":{"custom_model_data":1122},"model":"vsmp:item/piglinbruteplushie"},
		{"predicate":{"custom_model_data":1123},"model":"vsmp:item/zombiepiglinplushie"},
		{"predicate":{"custom_model_data":1130},"model":"vsmp:item/creeperplushie"},
		{"predicate":{"custom_model_data":1400},"model":"vsmp:item/sheepplushie"},
		{"predicate":{"custom_model_data":1401},"model":"vsmp:item/lightgraysheepplushie"},
		{"predicate":{"custom_model_data":1402},"model":"vsmp:item/graysheepplushie"},
		{"predicate":{"custom_model_data":1403},"model":"vsmp:item/blacksheepplushie"},
		{"predicate":{"custom_model_data":1404},"model":"vsmp:item/pinksheepplushie"},
		{"predicate":{"custom_model_data":1405},"model":"vsmp:item/magentasheepplushie"},
		{"predicate":{"custom_model_data":1406},"model":"vsmp:item/purplesheepplushie"},
		{"predicate":{"custom_model_data":1407},"model":"vsmp:item/redsheepplushie"},
		{"predicate":{"custom_model_data":1408},"model":"vsmp:item/brownsheepplushie"},
		{"predicate":{"custom_model_data":1409},"model":"vsmp:item/orangesheepplushie"},
		{"predicate":{"custom_model_data":1410},"model":"vsmp:item/yellowsheepplushie"},
		{"predicate":{"custom_model_data":1411},"model":"vsmp:item/limesheepplushie"},
		{"predicate":{"custom_model_data":1412},"model":"vsmp:item/greensheepplushie"},
		{"predicate":{"custom_model_data":1413},"model":"vsmp:item/bluesheepplushie"},
		{"predicate":{"custom_model_data":1414},"model":"vsmp:item/cyansheepplushie"},
		{"predicate":{"custom_model_data":1415},"model":"vsmp:item/lightbluesheepplushie"},
		{"predicate":{"custom_model_data":1420},"model":"vsmp:item/cowplushie"},
		{"predicate":{"custom_model_data":1421},"model":"vsmp:item/mooshroomplushie"},
		{"predicate":{"custom_model_data":1700},"model":"vsmp:item/steveplushie"},
		{"predicate":{"custom_model_data":1701},"model":"vsmp:item/herobrineplushie"},
		{"predicate":{"custom_model_data":2000},"model":"vsmp:item/star"},
		{"predicate":{"custom_model_data":3000},"model":"vsmp:block/mailbox"},
		{"predicate":{"custom_model_data":4000},"model":"vsmp:block/stonetire"},
		{"predicate":{"custom_model_data":5000},"model":"vsmp:block/twobirdssign"},
		{"predicate":{"custom_model_data":5001},"model":"vsmp:item/tb1"},
		{"predicate":{"custom_model_data":5002},"model":"vsmp:item/tb2"},
		{"predicate":{"custom_model_data":5003},"model":"vsmp:item/tb3"},
		{"predicate":{"custom_model_data":5004},"model":"vsmp:item/tb4"},
		{"predicate":{"custom_model_data":5005},"model":"vsmp:item/tb5"},
		{"predicate":{"custom_model_data":5006},"model":"vsmp:item/tb6"},
		{"predicate":{"custom_model_data":5007},"model":"vsmp:item/tb7"},
		{"predicate":{"custom_model_data":5008},"model":"vsmp:item/tb8"},
		{"predicate":{"custom_model_data":5010},"model":"vsmp:block/thepatchsign"},
		{"predicate":{"custom_model_data":6000},"model":"vsmp:block/waystone"}
   ]
}