{
	"credit": "Made with Blockbench",
	"parent": "minecraft:item/template_skull",
	"overrides": [
		{"predicate": {"custom_model_data": 1}, "model": "tiretown:item/display_head"},
		{"predicate": {"custom_model_data": 2}, "model": "tiretown:item/display_head_huge_left"},
		{"predicate": {"custom_model_data": 3}, "model": "tiretown:item/display_head_huge_right"},
		{"predicate": {"custom_model_data": 4}, "model": "tiretown:item/display_head_front"},
		{"predicate": {"custom_model_data": 5}, "model": "tiretown:item/anvil_gui_head"},
		{"predicate": {"custom_model_data": 100}, "model": "tiretown:item/duelhead"}
	],
	"display": {
		"firstperson_righthand": {
			"rotation": [0, -60, 0],
			"translation": [0.5, 6, 1],
			"scale": [0.4, 0.4, 0.4]
		}
	}
}