{
  "parent": "minecraft:item/template_skull",
  "overrides": [
    { "predicate": { "custom_model_data": 1 }, "model": "tiretown:item/display_head" },
	{ "predicate": { "custom_model_data": 2 }, "model": "tiretown:item/display_head_huge_left" },
	{ "predicate": { "custom_model_data": 3 }, "model": "tiretown:item/display_head_huge_right" },
	{ "predicate": { "custom_model_data": 4 }, "model": "tiretown:item/display_head_front" },
	{ "predicate": { "custom_model_data": 10 }, "model": "tiretown:item/anvil_gui_head" },
	{ "predicate": { "custom_model_data": 100 }, "model": "tiretown:item/duelhead" }
  ]
}
