{
  "parent": "minecraft:item/generated",
  "textures": {
    "layer0": "minecraft:item/redstone"
  },
   "overrides":
   [
		{"predicate":{"custom_model_data":1},"model":"vsmp:item/1"},
		{"predicate":{"custom_model_data":2},"model":"vsmp:item/2"},
		{"predicate":{"custom_model_data":3},"model":"vsmp:item/3"},
		{"predicate":{"custom_model_data":4},"model":"vsmp:item/4"},
		{"predicate":{"custom_model_data":5},"model":"vsmp:item/5"},
		{"predicate":{"custom_model_data":6},"model":"vsmp:item/6"},
		{"predicate":{"custom_model_data":7},"model":"vsmp:item/7"},
		{"predicate":{"custom_model_data":8},"model":"vsmp:item/8"},
		{"predicate":{"custom_model_data":9},"model":"vsmp:item/9"},
		{"predicate":{"custom_model_data":10},"model":"vsmp:item/10"},
		{"predicate":{"custom_model_data":11},"model":"vsmp:item/11"},
		{"predicate":{"custom_model_data":12},"model":"vsmp:item/12"},
		{"predicate":{"custom_model_data":13},"model":"vsmp:item/13"},
		{"predicate":{"custom_model_data":14},"model":"vsmp:item/14"},
		{"predicate":{"custom_model_data":15},"model":"vsmp:item/15"},
		{"predicate":{"custom_model_data":16},"model":"vsmp:item/16"},
		{"predicate":{"custom_model_data":17},"model":"vsmp:item/17"},
		{"predicate":{"custom_model_data":18},"model":"vsmp:item/18"},
		{"predicate":{"custom_model_data":19},"model":"vsmp:item/19"},
		{"predicate":{"custom_model_data":20},"model":"vsmp:item/20"},
		{"predicate":{"custom_model_data":21},"model":"vsmp:item/21"},
		{"predicate":{"custom_model_data":22},"model":"vsmp:item/22"},
		{"predicate":{"custom_model_data":23},"model":"vsmp:item/23"},
		{"predicate":{"custom_model_data":24},"model":"vsmp:item/24"},
		{"predicate":{"custom_model_data":25},"model":"vsmp:item/25"},
		{"predicate":{"custom_model_data":26},"model":"vsmp:item/26"},
		{"predicate":{"custom_model_data":27},"model":"vsmp:item/27"},
		{"predicate":{"custom_model_data":28},"model":"vsmp:item/28"},
		{"predicate":{"custom_model_data":29},"model":"vsmp:item/29"},
		{"predicate":{"custom_model_data":30},"model":"vsmp:item/30"},
		{"predicate":{"custom_model_data":31},"model":"vsmp:item/31"},
		{"predicate":{"custom_model_data":32},"model":"vsmp:item/32"},
		{"predicate":{"custom_model_data":33},"model":"vsmp:item/33"},
		{"predicate":{"custom_model_data":34},"model":"vsmp:item/34"},
		{"predicate":{"custom_model_data":35},"model":"vsmp:item/35"},
		{"predicate":{"custom_model_data":36},"model":"vsmp:item/36"},
		{"predicate":{"custom_model_data":37},"model":"vsmp:item/37"},
		{"predicate":{"custom_model_data":38},"model":"vsmp:item/38"},
		{"predicate":{"custom_model_data":39},"model":"vsmp:item/39"},
		{"predicate":{"custom_model_data":40},"model":"vsmp:item/40"},
		{"predicate":{"custom_model_data":41},"model":"vsmp:item/41"},
		{"predicate":{"custom_model_data":42},"model":"vsmp:item/42"},
		{"predicate":{"custom_model_data":43},"model":"vsmp:item/43"},
		{"predicate":{"custom_model_data":44},"model":"vsmp:item/44"},
		{"predicate":{"custom_model_data":45},"model":"vsmp:item/45"},
		{"predicate":{"custom_model_data":46},"model":"vsmp:item/46"},
		{"predicate":{"custom_model_data":47},"model":"vsmp:item/47"},
		{"predicate":{"custom_model_data":48},"model":"vsmp:item/48"},
		{"predicate":{"custom_model_data":49},"model":"vsmp:item/49"},
		{"predicate":{"custom_model_data":50},"model":"vsmp:item/50"},
		{"predicate":{"custom_model_data":51},"model":"vsmp:item/51"},
		{"predicate":{"custom_model_data":52},"model":"vsmp:item/52"},
		{"predicate":{"custom_model_data":53},"model":"vsmp:item/53"},
		{"predicate":{"custom_model_data":54},"model":"vsmp:item/54"},
		{"predicate":{"custom_model_data":55},"model":"vsmp:item/55"},
		{"predicate":{"custom_model_data":56},"model":"vsmp:item/56"},
		{"predicate":{"custom_model_data":57},"model":"vsmp:item/57"},
		{"predicate":{"custom_model_data":58},"model":"vsmp:item/58"},
		{"predicate":{"custom_model_data":59},"model":"vsmp:item/59"},
		{"predicate":{"custom_model_data":60},"model":"vsmp:item/60"},
		{"predicate":{"custom_model_data":61},"model":"vsmp:item/61"},
		{"predicate":{"custom_model_data":62},"model":"vsmp:item/62"},
		{"predicate":{"custom_model_data":63},"model":"vsmp:item/63"},
		{"predicate":{"custom_model_data":64},"model":"vsmp:item/64"},
		{"predicate":{"custom_model_data":100},"model":"vsmp:item/settings"},
		{"predicate":{"custom_model_data":101},"model":"vsmp:item/poweron"},
		{"predicate":{"custom_model_data":102},"model":"vsmp:item/poweroff"},
		{"predicate":{"custom_model_data":201},"model":"vsmp:item/mail1"},
		{"predicate":{"custom_model_data":202},"model":"vsmp:item/mail2"},
		{"predicate":{"custom_model_data":203},"model":"vsmp:item/mail3"},
		{"predicate":{"custom_model_data":204},"model":"vsmp:item/mail4"},
		{"predicate":{"custom_model_data":205},"model":"vsmp:item/mail5"},
		{"predicate":{"custom_model_data":301},"model":"vsmp:item/warp1"},
		{"predicate":{"custom_model_data":302},"model":"vsmp:item/warp2"},
		{"predicate":{"custom_model_data":303},"model":"vsmp:item/warp3"},
		{"predicate":{"custom_model_data":304},"model":"vsmp:item/warp4"},
		{"predicate":{"custom_model_data":305},"model":"vsmp:item/warp5"},
		{"predicate":{"custom_model_data":404},"model":"vsmp:item/0"},
		{"predicate":{"custom_model_data":500},"model":"vsmp:item/check"},
		{"predicate":{"custom_model_data":1000},"model":"vsmp:item/blank"}
   ]
}