{
  "parent": "minecraft:item/generated",
  "textures": {
    "layer0": "minecraft:item/redstone"
  },
   "overrides":
   [
		{"predicate":{"custom_model_data":1},"model":"tiretown:item/1"},
		{"predicate":{"custom_model_data":2},"model":"tiretown:item/2"},
		{"predicate":{"custom_model_data":3},"model":"tiretown:item/3"},
		{"predicate":{"custom_model_data":4},"model":"tiretown:item/4"},
		{"predicate":{"custom_model_data":5},"model":"tiretown:item/5"},
		{"predicate":{"custom_model_data":6},"model":"tiretown:item/6"},
		{"predicate":{"custom_model_data":7},"model":"tiretown:item/7"},
		{"predicate":{"custom_model_data":8},"model":"tiretown:item/8"},
		{"predicate":{"custom_model_data":9},"model":"tiretown:item/9"},
		{"predicate":{"custom_model_data":10},"model":"tiretown:item/10"},
		{"predicate":{"custom_model_data":11},"model":"tiretown:item/11"},
		{"predicate":{"custom_model_data":12},"model":"tiretown:item/12"},
		{"predicate":{"custom_model_data":13},"model":"tiretown:item/13"},
		{"predicate":{"custom_model_data":14},"model":"tiretown:item/14"},
		{"predicate":{"custom_model_data":15},"model":"tiretown:item/15"},
		{"predicate":{"custom_model_data":16},"model":"tiretown:item/16"},
		{"predicate":{"custom_model_data":17},"model":"tiretown:item/17"},
		{"predicate":{"custom_model_data":18},"model":"tiretown:item/18"},
		{"predicate":{"custom_model_data":19},"model":"tiretown:item/19"},
		{"predicate":{"custom_model_data":20},"model":"tiretown:item/20"},
		{"predicate":{"custom_model_data":21},"model":"tiretown:item/21"},
		{"predicate":{"custom_model_data":22},"model":"tiretown:item/22"},
		{"predicate":{"custom_model_data":23},"model":"tiretown:item/23"},
		{"predicate":{"custom_model_data":24},"model":"tiretown:item/24"},
		{"predicate":{"custom_model_data":25},"model":"tiretown:item/25"},
		{"predicate":{"custom_model_data":26},"model":"tiretown:item/26"},
		{"predicate":{"custom_model_data":27},"model":"tiretown:item/27"},
		{"predicate":{"custom_model_data":28},"model":"tiretown:item/28"},
		{"predicate":{"custom_model_data":29},"model":"tiretown:item/29"},
		{"predicate":{"custom_model_data":30},"model":"tiretown:item/30"},
		{"predicate":{"custom_model_data":31},"model":"tiretown:item/31"},
		{"predicate":{"custom_model_data":32},"model":"tiretown:item/32"},
		{"predicate":{"custom_model_data":33},"model":"tiretown:item/33"},
		{"predicate":{"custom_model_data":34},"model":"tiretown:item/34"},
		{"predicate":{"custom_model_data":35},"model":"tiretown:item/35"},
		{"predicate":{"custom_model_data":36},"model":"tiretown:item/36"},
		{"predicate":{"custom_model_data":37},"model":"tiretown:item/37"},
		{"predicate":{"custom_model_data":38},"model":"tiretown:item/38"},
		{"predicate":{"custom_model_data":39},"model":"tiretown:item/39"},
		{"predicate":{"custom_model_data":40},"model":"tiretown:item/40"},
		{"predicate":{"custom_model_data":41},"model":"tiretown:item/41"},
		{"predicate":{"custom_model_data":42},"model":"tiretown:item/42"},
		{"predicate":{"custom_model_data":43},"model":"tiretown:item/43"},
		{"predicate":{"custom_model_data":44},"model":"tiretown:item/44"},
		{"predicate":{"custom_model_data":45},"model":"tiretown:item/45"},
		{"predicate":{"custom_model_data":46},"model":"tiretown:item/46"},
		{"predicate":{"custom_model_data":47},"model":"tiretown:item/47"},
		{"predicate":{"custom_model_data":48},"model":"tiretown:item/48"},
		{"predicate":{"custom_model_data":49},"model":"tiretown:item/49"},
		{"predicate":{"custom_model_data":50},"model":"tiretown:item/50"},
		{"predicate":{"custom_model_data":51},"model":"tiretown:item/51"},
		{"predicate":{"custom_model_data":52},"model":"tiretown:item/52"},
		{"predicate":{"custom_model_data":53},"model":"tiretown:item/53"},
		{"predicate":{"custom_model_data":54},"model":"tiretown:item/54"},
		{"predicate":{"custom_model_data":55},"model":"tiretown:item/55"},
		{"predicate":{"custom_model_data":56},"model":"tiretown:item/56"},
		{"predicate":{"custom_model_data":57},"model":"tiretown:item/57"},
		{"predicate":{"custom_model_data":58},"model":"tiretown:item/58"},
		{"predicate":{"custom_model_data":59},"model":"tiretown:item/59"},
		{"predicate":{"custom_model_data":60},"model":"tiretown:item/60"},
		{"predicate":{"custom_model_data":61},"model":"tiretown:item/61"},
		{"predicate":{"custom_model_data":62},"model":"tiretown:item/62"},
		{"predicate":{"custom_model_data":63},"model":"tiretown:item/63"},
		{"predicate":{"custom_model_data":64},"model":"tiretown:item/64"},
		{"predicate":{"custom_model_data":100},"model":"tiretown:item/settings"},
		{"predicate":{"custom_model_data":101},"model":"tiretown:item/poweron"},
		{"predicate":{"custom_model_data":102},"model":"tiretown:item/poweroff"},
		{"predicate":{"custom_model_data":201},"model":"tiretown:item/mail1"},
		{"predicate":{"custom_model_data":202},"model":"tiretown:item/mail2"},
		{"predicate":{"custom_model_data":203},"model":"tiretown:item/mail3"},
		{"predicate":{"custom_model_data":204},"model":"tiretown:item/mail4"},
		{"predicate":{"custom_model_data":205},"model":"tiretown:item/mail5"},
		{"predicate":{"custom_model_data":301},"model":"tiretown:item/warp1"},
		{"predicate":{"custom_model_data":302},"model":"tiretown:item/warp2"},
		{"predicate":{"custom_model_data":303},"model":"tiretown:item/warp3"},
		{"predicate":{"custom_model_data":304},"model":"tiretown:item/warp4"},
		{"predicate":{"custom_model_data":305},"model":"tiretown:item/warp5"},
		{"predicate":{"custom_model_data":404},"model":"tiretown:item/0"},
		{"predicate":{"custom_model_data":500},"model":"tiretown:item/check"},
		{"predicate":{"custom_model_data":1000},"model":"tiretown:item/blank"}
   ]
}